{
  "baseline": "Test 1 main: \u03c9=1.50",
  "results": [
    {
      "label": "T1.1 N=8",
      "N": 8,
      "PML": 2,
      "v_pulse": 0.01,
      "enable_cosserat_self_terms": false,
      "n_periods": 100,
      "elapsed_s": 12.128771781921387,
      "bandpass_top5_omega": [
        0.5053516138189611,
        0.5158797724401895,
        0.5264079310614178,
        0.5369360896826462,
        0.5474642483038745
      ],
      "bandpass_top5_mag": [
        5.7399895192427954e-05,
        5.637533685955222e-05,
        5.538788566194239e-05,
        5.443570891014826e-05,
        5.351708636511904e-05
      ],
      "v_traj_max_abs": 0.003906249999103877
    },
    {
      "label": "T1.1 N=16",
      "N": 16,
      "PML": 4,
      "v_pulse": 0.01,
      "enable_cosserat_self_terms": false,
      "n_periods": 100,
      "elapsed_s": 30.23715114593506,
      "bandpass_top5_omega": [
        0.5053516138189611,
        0.5158797724401895,
        0.5264079310614178,
        0.5369360896826462,
        0.5474642483038745
      ],
      "bandpass_top5_mag": [
        0.00011062028765117563,
        0.00010853647596791943,
        0.00010653882353789329,
        0.00010462238955564469,
        0.00010278260875358065
      ],
      "v_traj_max_abs": 0.0062499999980502865
    },
    {
      "label": "T1.1 N=24",
      "N": 24,
      "PML": 6,
      "v_pulse": 0.01,
      "enable_cosserat_self_terms": false,
      "n_periods": 100,
      "elapsed_s": 57.927631855010986,
      "bandpass_top5_omega": [
        2.958412572565168,
        1.4844703655931981,
        2.9689407311863962,
        1.4949985242144266,
        1.4739422069719699
      ],
      "bandpass_top5_mag": [
        0.0002622666933375525,
        0.0002610251643011436,
        0.00026029444540620085,
        0.0002572369313765585,
        0.00025673645751129185
      ],
      "v_traj_max_abs": 0.0062499999980502865
    },
    {
      "label": "T1.3 V_pulse=0.95",
      "N": 16,
      "PML": 4,
      "v_pulse": 0.95,
      "enable_cosserat_self_terms": false,
      "n_periods": 100,
      "elapsed_s": 29.09931993484497,
      "bandpass_top5_omega": [
        0.5053516138189611,
        0.5158797724401895,
        0.5264079310614178,
        0.5369360896826462,
        0.5474642483038745
      ],
      "bandpass_top5_mag": [
        0.017198138296184544,
        0.01690386235038303,
        0.01662239987946736,
        0.01635300146177192,
        0.016094974924751294
      ],
      "v_traj_max_abs": 0.5519501216239753
    },
    {
      "label": "T1.4 Cosserat ON",
      "N": 16,
      "PML": 4,
      "v_pulse": 0.01,
      "enable_cosserat_self_terms": true,
      "n_periods": 100,
      "elapsed_s": 29.167137145996094,
      "bandpass_top5_omega": [
        0.5053516138189611,
        0.5158797724401895,
        0.5264079310614178,
        0.5369360896826462,
        0.5474642483038745
      ],
      "bandpass_top5_mag": [
        0.00011062028765117563,
        0.00010853647596791943,
        0.00010653882353789329,
        0.00010462238955564469,
        0.00010278260875358065
      ],
      "v_traj_max_abs": 0.0062499999980502865
    }
  ]
}