{
  "test": "Control B6: long-window stability (BEMF feedback test)",
  "elapsed_recording_s": 1004.9397487640381,
  "n_periods_total": 800.0,
  "n_windows": 7,
  "window_size_periods": 100,
  "V_DC_windows": [
    [
      [
        -5.061024808128423e-07,
        -0.15822890400886536,
        0.31645822525024414,
        -0.15822896361351013
      ],
      [
        3.12219690101756e-08,
        -0.0003411154611967504,
        0.0003411158104427159,
        -3.097740730595433e-08
      ],
      [
        5.063038770458661e-07,
        -0.3164583742618561,
        0.15822894871234894,
        0.15822897851467133
      ]
    ],
    [
      [
        -5.059011414232373e-07,
        -0.15827322006225586,
        0.3165474832057953,
        -0.15827327966690063
      ],
      [
        4.3293223228602074e-08,
        -0.0003411772195249796,
        0.00034117570612579584,
        -4.316565949125106e-08
      ],
      [
        5.060354055785865e-07,
        -0.31654730439186096,
        0.15827323496341705,
        0.15827324986457825
      ]
    ],
    [
      [
        -5.086531587039644e-07,
        -0.1583174467086792,
        0.3166356086730957,
        -0.1583174765110016
      ],
      [
        6.106793648541498e-08,
        -0.0003412376972846687,
        0.0003412375517655164,
        -6.105741334749837e-08
      ],
      [
        5.073778197584033e-07,
        -0.31663596630096436,
        0.15831752121448517,
        0.15831758081912994
      ]
    ],
    [
      [
        -5.076462912256829e-07,
        -0.1583617478609085,
        0.3167243003845215,
        -0.15836180746555328
      ],
      [
        8.439133836191104e-08,
        -0.0003412994556128979,
        0.0003412977384869009,
        -8.449789135056562e-08
      ],
      [
        5.076462912256829e-07,
        -0.3167244791984558,
        0.15836165845394135,
        0.1583617478609085
      ]
    ],
    [
      [
        -5.077134233033576e-07,
        -0.15840604901313782,
        0.31681230664253235,
        -0.1584060937166214
      ],
      [
        1.1306961766877066e-07,
        -0.0003413604572415352,
        0.00034135955502279103,
        -1.1329323257314172e-07
      ],
      [
        5.078476874587068e-07,
        -0.31681281328201294,
        0.1584058254957199,
        0.15840590000152588
      ]
    ],
    [
      [
        -5.083175551590102e-07,
        -0.1584502011537552,
        0.3169007897377014,
        -0.15845027565956116
      ],
      [
        1.4687137195323885e-07,
        -0.0003414207312744111,
        0.00034141994547098875,
        -1.4721202035161696e-07
      ],
      [
        5.068408199804253e-07,
        -0.3169006109237671,
        0.1584499329328537,
        0.15844997763633728
      ]
    ],
    [
      [
        -5.07981951614056e-07,
        -0.15849417448043823,
        0.31698864698410034,
        -0.1584942638874054
      ],
      [
        1.855282647511558e-07,
        -0.00034148248960264027,
        0.00034148094709962606,
        -1.859855558450363e-07
      ],
      [
        5.072435556030541e-07,
        -0.31698885560035706,
        0.15849395096302032,
        0.1584940105676651
      ]
    ]
  ],
  "omega_DC_windows": [
    [
      [
        9.42956376093207e-06,
        1.1530757547006942e-05,
        -9.93810135696549e-06
      ],
      [
        -3.1822526125324657e-06,
        -6.577211934200022e-06,
        -8.180457371054217e-06
      ],
      [
        -1.1620774785114918e-05,
        1.2690638868662063e-05,
        9.396278073836584e-06
      ],
      [
        1.3640717043017503e-05,
        3.2763434774096822e-06,
        2.28313947445713e-05
      ],
      [
        1.887418511614669e-05,
        -2.5685265427455306e-05,
        -2.571328650446958e-06
      ],
      [
        3.32309864461422e-05,
        -1.969486038433388e-05,
        5.55013775738189e-06
      ]
    ],
    [
      [
        -2.2652081952401204e-06,
        -4.469309715204872e-06,
        -1.6253721696557477e-05
      ],
      [
        -7.731041478109546e-06,
        -6.406550255633192e-06,
        6.031487828295212e-06
      ],
      [
        -3.978944732807577e-06,
        -4.460512457171717e-07,
        8.488157618558034e-06
      ],
      [
        1.9281733329989947e-05,
        -3.3601190807530656e-06,
        1.173494729300728e-05
      ],
      [
        7.6686383181368e-06,
        -3.9238161662069615e-06,
        -2.2052879558032146e-06
      ],
      [
        1.134030844696099e-05,
        -2.159256609957083e-06,
        -8.246350262197666e-06
      ]
    ],
    [
      [
        3.4495747058826964e-07,
        -8.067266207945067e-06,
        2.094736191793345e-05
      ],
      [
        2.1494253815035336e-05,
        1.7004698747768998e-05,
        -8.565143616579007e-06
      ],
      [
        1.6683912690496072e-05,
        5.87566592002986e-06,
        -2.6608273401507176e-05
      ],
      [
        -1.901133327919524e-05,
        -1.0270692655467428e-05,
        -2.2566351617570035e-05
      ],
      [
        -1.9246330339228734e-05,
        1.0264663615089376e-05,
        1.9745686586247757e-05
      ],
      [
        -3.5500586818670854e-05,
        7.778432518534828e-06,
        8.685824468557257e-06
      ]
    ],
    [
      [
        3.540637862897711e-06,
        9.207298717228696e-06,
        -2.89916897600051e-06
      ],
      [
        -1.2475977200665511e-05,
        -1.4993659533502068e-05,
        3.8197422327357344e-06
      ],
      [
        -8.918515959521756e-06,
        -1.1407163583498914e-05,
        1.772540963429492e-05
      ],
      [
        2.9822826945746783e-06,
        9.440719622944016e-06,
        5.662787771143485e-06
      ],
      [
        7.647412530786823e-06,
        2.3621864784217905e-06,
        -1.190351031254977e-05
      ],
      [
        1.7901156752486713e-05,
        2.8831382223870605e-06,
        1.5317883708121371e-06
      ]
    ],
    [
      [
        -3.372281753399875e-06,
        3.0601120215578703e-06,
        -5.968284312984906e-06
      ],
      [
        -9.856581527856179e-06,
        -2.235775127701345e-06,
        6.51772961646202e-06
      ],
      [
        -5.1919359975727275e-06,
        -2.4242217477876693e-06,
        8.927843737183139e-06
      ],
      [
        8.661883839522488e-06,
        5.483973382069962e-06,
        7.323208592424635e-06
      ],
      [
        4.3002478378184605e-06,
        -2.6487180093681673e-06,
        -1.1577439181564841e-05
      ],
      [
        1.3550435141951311e-05,
        -3.6416181501408573e-06,
        -6.962477527849842e-06
      ]
    ],
    [
      [
        1.0471318319105194e-06,
        -7.141547030187212e-06,
        9.12252926354995e-06
      ],
      [
        1.4755451957171317e-05,
        1.1016250027751084e-05,
        -8.216609785449691e-06
      ],
      [
        9.8241198429605e-06,
        6.917801783856703e-06,
        -1.694441743893549e-05
      ],
      [
        -1.0471367204445414e-05,
        -7.3549681474105455e-06,
        -9.110072824114468e-06
      ],
      [
        -9.997645975090563e-06,
        1.0111463097928208e-06,
        1.3388999832386617e-05
      ],
      [
        -1.896249523269944e-05,
        1.5452206980626215e-06,
        5.5749765124346595e-06
      ]
    ],
    [
      [
        1.6742347952458658e-06,
        2.462832753735711e-06,
        -7.153344085963909e-07
      ],
      [
        -2.3135289666242898e-06,
        -4.608273684425512e-06,
        4.4116686126471905e-07
      ],
      [
        -1.5917268001430784e-06,
        -2.8255319648451405e-06,
        4.261540198058356e-06
      ],
      [
        1.9205539558697637e-07,
        8.946208254201338e-07,
        9.151088420367159e-07
      ],
      [
        2.4830360416672193e-06,
        8.896876835251533e-08,
        -2.8642709821724566e-06
      ],
      [
        4.3049503801739775e-06,
        9.317465696767613e-07,
        8.147168841787789e-07
      ]
    ]
  ],