{
  "test": "T-ST Dispersion Cross-Check",
  "config": {
    "N": 48,
    "PML": 4,
    "n_periods": 50,
    "amplitude_VSNAP": 0.001,
    "omega": 1.0,
    "handedness": "RH"
  },
  "v_centroid_low_amp": 0.6992097896686901,
  "v_front_low_amp": 0.8765015925037647,
  "v_predicted_sqrt2": 1.4142135623730951,
  "v_centroid_T_ST_high_amp": 0.364,
  "max_a2_across_run": 3.3302490798763506e-06,
  "centroid_trajectory": [
    [
      0.0,
      8.0
    ],
    [
      3.5355339059327373,
      8.128986150259506
    ],
    [
      7.071067811865475,
      8.740119203017928
    ],
    [
      10.606601717798211,
      9.519142319962828
    ],
    [
      14.14213562373095,
      10.780459226350192
    ],
    [
      17.677669529663685,
      12.6905205376883
    ],
    [
      21.213203435596423,
      14.746247071079484
    ],
    [
      24.74873734152916,
      16.871050374196322
    ],
    [
      28.2842712474619,
      20.095684951551817
    ],
    [
      31.819805153394636,
      23.897009583820807
    ],
    [
      35.35533905932737,
      27.714463110346177
    ],
    [
      38.89087296526011,
      30.71351610268192
    ],
    [
      42.426406871192846,
      33.05749682994425
    ],
    [
      45.961940777125584,
      35.20167213169767
    ],
    [
      49.49747468305832,
      37.09406746605616
    ],
    [
      53.03300858899106,
      38.50702353258098
    ],
    [
      56.5685424949238,
      39.513740626210094
    ],
    [
      60.104076400856535,
      39.815907229031595
    ],
    [
      63.63961030678927,
      38.25383564093899
    ],
    [
      67.175144212722,
      33.99012589964741
    ],
    [
      70.71067811865474,
      28.697531295376
    ],
    [
      74.24621202458748,
      23.966196572477685
    ],
    [
      77.78174593052022,
      20.300611565461683
    ],
    [
      81.31727983645295,
      17.620774844371343
    ],
    [
      84.85281374238569,
      15.827778044861516
    ],
    [
      88.38834764831843,
      14.59148425469379
    ],
    [
      91.92388155425117,
      13.583897288505767
    ],
    [
      95.4594154601839,
      12.51325190139444
    ],
    [
      98.99494936611664,
      11.480307556719122
    ],
    [
      102.53048327204938,
      11.116422255358945
    ],
    [
      106.06601717798212,
      11.563688577512258
    ],
    [
      109.60155108391486,
      12.543863022537051
    ],
    [
      113.1370849898476,
      13.83262302332528
    ],
    [
      116.67261889578033,
      14.857215596130015
    ],
    [
      120.20815280171307,
      15.435896417778427
    ],
    [
      123.74368670764581,
      15.130623757832417
    ],
    [
      127.27922061357854,
      14.309038781654214
    ],
    [
      130.81475451951127,
      12.781508603219796
    ],
    [
      134.350288425444,
      11.664258149646274
    ],
    [
      137.88582233137674,
      10.293964075558103
    ],
    [
      141.42135623730948,
      9.752123911375213
    ],
    [
      144.95689014324222,
      8.938489683613662
    ],
    [
      148.49242404917496,
      8.781021137194724
    ],
    [
      152.0279579551077,
      8.315869415925325
    ],
    [
      155.56349186104043,
      8.394181096438976
    ],
    [
      159.09902576697317,
      8.082108858770216
    ],
    [
      162.6345596729059,
      8.249234121865863
    ],
    [
      166.17009357883865,
      7.990070330885551
    ],
    [
      169.70562748477138,
      8.195604747723426
    ],
    [
      173.24116139070412,
      7.952897364708198
    ],
    [
      176.77669529663686,
      8.173747319356885
    ],
    [
      180.3122292025696,
      7.9364731736545995
    ],
    [
      183.84776310850233,
      8.164700929195401
    ],
    [
      187.38329701443507,
      7.929724693437789
    ],
    [
      190.9188309203678,
      8.159342224932557
    ],
    [
      194.45436482630055,
      7.926763632564399
    ],
    [
      197.98989873223329,
      8.156933789195989
    ],
    [
      201.52543263816602,
      7.925203723639891
    ],
    [
      205.06096654409876,
      8.155504597656515
    ],
    [
      208.5965004500315,
      7.924374656668431
    ],
    [
      212.13203435596424,
      8.154598995366218
    ],
    [
      215.66756826189697,
      7.923844764247785
    ],
    [
      219.2031021678297,
      8.154153193458457
    ],
    [
      222.73863607376245,
      7.92342730190677
    ],
    [
      226.2741699796952,
      8.153869548039003
    ],
    [
      229.80970388562793,
      7.923140094865907
    ],
    [
      233.34523779156066,
      8.153618519769369
    ],
    [
      236.8807716974934,
      7.922912300541182
    ],
    [
      240.41630560342614,
      8.153410514481882
    ],
    [
      243.95183950935888,
      7.922720625372176
    ],
    [
      247.48737341529161,
      8.153244567364158
    ],
    [
      251.02290732122435,
      7.922575109086518
    ],
    [
      254.5584412271571,
      8.153120370162753
    ],
    [
      258.0939751330898,
      7.922467177829235
    ],
    [
      261.62950903902254,
      8.153027514903341
    ],
    [
      265.1650429449553,
      7.922386015884596
    ],
    [
      268.700576850888,
      8.152953222087639
    ],
    [
      272.2361107568208,
      7.922319766673032
    ],
    [
      275.7716446627535,
      8.152890836083884
    ],
    [
      279.30717856868625,
      7.9222647270604245
    ],
    [
      282.84271247461896,
      8.152840638739217
    ],
    [
      286.37824638055173,
      7.92221860554517
    ],
    [
      289.91378028648444,
      8.152800524777078
    ],
    [
      293.4493141924172,
      7.922180569004687
    ],
    [
      296.9848480983499,
      8.152768164450347
    ],
    [
      300.5203820042827,
      7.922150018765845
    ],
    [
      304.0559159102154,
      8.15274185492157
    ],
    [
      307.59144981614816,
      7.922124730622905
    ],
    [
      311.12698372208087,
      8.15272016548699
    ]
  ],