{
  "test": "Control B4: LC-coupled re-run (disable_cosserat_lc_force=False)",
  "engine_config": {
    "disable_cosserat_lc_force": false,
    "enable_cosserat_self_terms": true
  },
  "elapsed_recording_s": 399.67979097366333,
  "n_steps": 1777,
  "A2_mean_steady": 0.9020238095163229,
  "v_inc_top5_peaks": [
    [
      222,
      0.2355254394949941,
      0.34893694519996643
    ],
    [
      666,
      0.7065763184849824,
      0.1293080449104309
    ],
    [
      223,
      0.2365863648981247,
      0.0698515847325325
    ],
    [
      1,
      0.001060925403130604,
      0.05182283744215965
    ],
    [
      221,
      0.2344645140918635,
      0.049956273287534714
    ]
  ],
  "omega_top5_peaks": [
    [
      1,
      0.001060925403130604,
      2497337.25
    ],
    [
      2,
      0.002121850806261208,
      1291620.25
    ],
    [
      3,
      0.003182776209391812,
      961779.875
    ],
    [
      4,
      0.004243701612522416,
      943788.875
    ],
    [
      604,
      0.6407989434908848,
      744796.0625
    ]
  ],
  "v_inc_dominant_ratio_to_fC": 1.4798499809019616,
  "omega_dominant_ratio_to_fC": 0.006665990904963791,
  "v8_baseline_v_inc_ratio": 1.4798,
  "v8_baseline_omega_ratio": 3.9863,
  "cos_sim_AC_steady": 0.2393112376173577,
  "v8_baseline_cos_sim_AC": 0.5151,
  "s_field_mean_per_node": [
    0.0,
    0.0,
    0.7418050169944763,
    0.0,
    0.0,
    0.7418045997619629
  ],
  "s_field_fourier": [
    {
      "ell": 0,
      "cos": 0.24726826945940653,
      "sin": 0.0,
      "amp": 0.24726826945940653
    },
    {
      "ell": 1,
      "cos": -3.476937609122229e-08,
      "sin": 6.022232601488042e-08,
      "amp": 1.3907750449897212e-07
    },
    {
      "ell": 2,
      "cos": -0.1236341347297033,
      "sin": -0.2141406029016619,
      "amp": 0.49453653891881305
    },
    {
      "ell": 3,
      "cos": 6.953875223795573e-08,
      "sin": 4.5422414402481495e-17,
      "amp": 1.3907750447591147e-07
    }
  ],
  "loop_V_DC_steady": 0.0007159432364154023,
  "dPhi_B_dt_steady": -0.07864938100349952,
  "faraday_residual_rel_pct": 10885.421329948264,
  "v8_baseline_faraday_violation_pct": 99.98
}