{
  "test": "v8 V_DC spatial characterization @ T=0",
  "elapsed_recording_seconds": 269.6061899662018,
  "n_steps": 1777,
  "engine_DT": 0.7071067811865475,
  "centroid": [
    15.5,
    17.5,
    16.5
  ],
  "a_site_data": {
    "0": {
      "node_position": [
        16,
        16,
        16
      ],
      "V_DC_per_port": [
        6.273310993900402e-07,
        0.07902428679973661,
        -0.15803644232524397,
        0.07902431230511456
      ],
      "V_DC_vector_lattice": [
        0.0684320474868695,
        -0.13686856617502524,
        0.06843206957517474
      ],
      "V_DC_magnitude_vec": 0.1676272581544958,
      "V_DC_magnitude_4port_rms": 0.19355928534357894,
      "Frenet_tangent": [
        0.7071067811865475,
        0.0,
        0.7071067811865475
      ],
      "Frenet_radial": [
        -0.30151134457776363,
        0.9045340337332909,
        0.30151134457776363
      ],
      "Frenet_binormal": [
        -0.6396021490668313,
        -0.4264014327112209,
        0.6396021490668313
      ],
      "V_DC_in_Frenet": {
        "tangent": 0.09677754527568094,
        "radial": -0.12380226959371281,
        "binormal": 0.05836096683788881
      },
      "bond_port_index": 0,
      "V_DC_along_bond": 6.273310993900402e-07
    },
    "2": {
      "node_position": [
        16,
        18,
        18
      ],
      "V_DC_per_port": [
        -1.1194143803845993e-09,
        -0.1580364423825091,
        0.1580364420336223,
        8.456005864504164e-10
      ],
      "V_DC_vector_lattice": [
        -0.13686357452677267,
        0.13686357282501976,
        3.2507560619511556e-11
      ],
      "V_DC_magnitude_vec": 0.19355432208730175,
      "V_DC_magnitude_4port_rms": 0.22349727991983837,
      "Frenet_tangent": [
        -0.7071067811865475,
        0.7071067811865475,
        0.0
      ],
      "Frenet_radial": [
        -0.30151134457776363,
        -0.30151134457776363,
        -0.9045340337332909
      ],
      "Frenet_binormal": [
        -0.6396021490668313,
        -0.6396021490668313,
        0.4264014327112209
      ],
      "V_DC_in_Frenet": {
        "tangent": 0.19355432208730172,
        "radial": 4.836936123635838e-10,
        "binormal": 1.1023060769294892e-09
      },
      "bond_port_index": 2,
      "V_DC_along_bond": 0.1580364420336223
    },
    "4": {
      "node_position": [
        14,
        18,
        16
      ],
      "V_DC_per_port": [
        -6.273308618614174e-07,
        0.1580364424109948,
        -0.07902428677599092,
        -0.07902431229313975
      ],
      "V_DC_vector_lattice": [
        0.13686856619679189,
        -0.06843204751880091,
        -0.06843206961730001
      ],
      "V_DC_magnitude_vec": 0.16762725820250127,
      "V_DC_magnitude_4port_rms": 0.19355928539900882,
      "Frenet_tangent": [
        0.0,
        -0.7071067811865475,
        -0.7071067811865475
      ],
      "Frenet_radial": [
        0.9045340337332909,
        -0.30151134457776363,
        0.30151134457776363
      ],
      "Frenet_binormal": [
        -0.4264014327112209,
        -0.6396021490668313,
        0.6396021490668313
      ],
      "V_DC_in_Frenet": {
        "tangent": 0.09677754532804692,
        "radial": 0.12380226961032795,
        "binormal": -0.058360966853690154
      },
      "bond_port_index": 1,
      "V_DC_along_bond": 0.1580364424109948
    }
  },
  "a_site_pairs": [
    {
      "ring_idx_a": 0,
      "ring_idx_b": 2,
      "V_DC_dot": -0.028098175603165854,
      "V_DC_cos_angle": -0.8660253552315684,
      "V_DC_angle_deg": 149.99999443625137
    },
    {
      "ring_idx_a": 2,
      "ring_idx_b": 4,
      "V_DC_dot": -0.02809817573142633,
      "V_DC_cos_angle": -0.8660253589367227,
      "V_DC_angle_deg": 149.99999486083072
    },
    {
      "ring_idx_a": 4,
      "ring_idx_b": 0,
      "V_DC_dot": 0.0140494442965338,
      "V_DC_cos_angle": 0.4999998382254438,
      "V_DC_angle_deg": 60.00001070291791
    }
  ],
  "per_bond_contribution": [
    {
      "ring_idx": 0,
      "a_site": [
        16,
        16,
        16
      ],
      "port": 0,
      "traversal_sign": 1.0,
      "V_DC_along_port": 6.273310993900402e-07,
      "contribution": 6.273310993900402e-07
    },
    {
      "ring_idx": 1,
      "a_site": [
        16,
        18,
        18
      ],
      "port": 1,
      "traversal_sign": -1.0,
      "V_DC_along_port": -0.1580364423825091,
      "contribution": 0.1580364423825091
    },
    {
      "ring_idx": 2,
      "a_site": [
        16,
        18,
        18
      ],
      "port": 2,
      "traversal_sign": 1.0,
      "V_DC_along_port": 0.1580364420336223,
      "contribution": 0.1580364420336223
    },
    {
      "ring_idx": 3,
      "a_site": [
        14,
        18,
        16
      ],
      "port": 0,
      "traversal_sign": -1.0,
      "V_DC_along_port": -6.273308618614174e-07,
      "contribution": 6.273308618614174e-07
    },
    {
      "ring_idx": 4,
      "a_site": [
        14,
        18,
        16
      ],
      "port": 1,
      "traversal_sign": 1.0,
      "V_DC_along_port": 0.1580364424109948,
      "contribution": 0.1580364424109948
    },
    {
      "ring_idx": 5,
      "a_site": [
        16,
        16,
        16
      ],
      "port": 2,
      "traversal_sign": -1.0,
      "V_DC_along_port": -0.15803644232524397,
      "contribution": 0.15803644232524397
    }
  ],
  "loop_V_DC_forward": 0.6321470238143314,
  "loop_V_DC_reverse": -0.6321470238143314,
  "two_over_pi_reference": 0.6366197723675814,
  "match_to_2_over_pi_pct": 0.7025776998122244,
  "mag_pattern_vec": [
    0.1676272581544958,
    0.19355432208730175,
    0.16762725820250127
  ],
  "mag_pattern_4port_rms": [
    0.19355928534357894,
    0.22349727991983837,
    0.19355928539900882
  ],
  "sym_score_0_vs_4": 2.86382186562158e-10,
  "sym_score_2_unique": 0.15467093012348823
}