{
  "test": "O.1e: FFT cavity-vs-flux discriminator",
  "config": {
    "N": 48,
    "amp": 0.1,
    "R": 8.0,
    "r": 4.0
  },
  "transient_window_starts_at": 97,
  "n_post_transient_steps": 347,
  "fft_per_cell": [
    {
      "cell": [
        35,
        23,
        23
      ],
      "phi": 0.0,
      "psi": 0.0,
      "peak_omega": 0.0,
      "peak_amplitude": 0.05135276738677652,
      "amplitude_at_target_freqs": {
        "\u03c9_C/2 (subharmonic)": 7.526273308617142e-05,
        "\u03c9_C": 4.760214074961699e-05,
        "1.5\u00b7\u03c9_C (substrate \u2113=2)": 0.00023270953501185556,
        "2\u00b7\u03c9_C": 2.4035517139351848e-05,
        "2.96\u00b7\u03c9_C (substrate \u2113=5)": 1.865521032874228e-05,
        "3\u00b7\u03c9_C": 4.330646592791786e-05
      }
    },
    {
      "cell": [
        23,
        35,
        23
      ],
      "phi": 1.5707963267948966,
      "psi": 0.0,
      "peak_omega": 0.0,
      "peak_amplitude": 0.05815762625028769,
      "amplitude_at_target_freqs": {
        "\u03c9_C/2 (subharmonic)": 0.00011163605847614893,
        "\u03c9_C": 0.00010011847105483551,
        "1.5\u00b7\u03c9_C (substrate \u2113=2)": 7.401848909927983e-05,
        "2\u00b7\u03c9_C": 0.00010879667832081818,
        "2.96\u00b7\u03c9_C (substrate \u2113=5)": 0.00024046795973769978,
        "3\u00b7\u03c9_C": 0.00018417630605841332
      }
    },
    {
      "cell": [
        15,
        23,
        27
      ],
      "phi": 3.141592653589793,
      "psi": 1.5707963267948966,
      "peak_omega": 4.430079240930244,
      "peak_amplitude": 0.057368410301887884,
      "amplitude_at_target_freqs": {
        "\u03c9_C/2 (subharmonic)": 0.00041479811451168694,
        "\u03c9_C": 0.00031084870113565346,
        "1.5\u00b7\u03c9_C (substrate \u2113=2)": 0.00022200746794628389,
        "2\u00b7\u03c9_C": 0.000335883929031149,
        "2.96\u00b7\u03c9_C (substrate \u2113=5)": 0.0005255749347136604,
        "3\u00b7\u03c9_C": 0.0005449679862758224
      }
    },
    {
      "cell": [
        23,
        19,
        23
      ],
      "phi": 4.71238898038469,
      "psi": 3.141592653589793,
      "peak_omega": 4.430079240930244,
      "peak_amplitude": 0.045106054066791766,
      "amplitude_at_target_freqs": {
        "\u03c9_C/2 (subharmonic)": 0.00020848693672731268,
        "\u03c9_C": 0.00020872599983965697,
        "1.5\u00b7\u03c9_C (substrate \u2113=2)": 0.00014651106753053376,
        "2\u00b7\u03c9_C": 0.0002611772235747515,
        "2.96\u00b7\u03c9_C (substrate \u2113=5)": 0.00044603177965842105,
        "3\u00b7\u03c9_C": 0.00045239726448025416
      }
    },
    {
      "cell": [
        31,
        31,
        26
      ],
      "phi": 0.7853981633974483,
      "psi": 0.7853981633974483,
      "peak_omega": 0.0,
      "peak_amplitude": 0.0,
      "amplitude_at_target_freqs": {
        "\u03c9_C/2 (subharmonic)": 0.0,
        "\u03c9_C": 0.0,
        "1.5\u00b7\u03c9_C (substrate \u2113=2)": 0.0,
        "2\u00b7\u03c9_C": 0.0,
        "2.96\u00b7\u03c9_C (substrate \u2113=5)": 0.0,
        "3\u00b7\u03c9_C": 0.0
      }
    }
  ],
  "cross_cell_median_peak_omega": 0.0,
  "cross_cell_range": 4.430079240930244,
  "verdict": "Other (\u03c9 = 0.0000); characterize-as-itself per Rule 10",
  "elapsed_total_s": 182.64273715019226
}