{
  "pre_registration": "P_phase11_path_alpha_v4b_n2_per_port",
  "test": "n=2-per-port disambiguation of v4 LH-internal \u0394=23%",
  "n_per_port": 2,
  "n_bonds_total": 8,
  "elapsed_recording_seconds": 237.7896602153778,
  "bond_results": [
    {
      "port": 0,
      "rank": 0,
      "chirality_label": "RH",
      "cell_a": [
        24,
        18,
        14
      ],
      "cell_b": [
        25,
        19,
        15
      ],
      "offset": [
        1,
        1,
        1
      ],
      "b_hat": [
        0.5773502691896258,
        0.5773502691896258,
        0.5773502691896258
      ],
      "v_inc_sq_at_a": 0.06776986100290446,
      "eigvals": [
        0.0008539591504306598,
        0.00271711763002548,
        0.004168481072023946
      ],
      "planarity": 0.45261571768290904,
      "aspect_e2_e1": 1.2386103271848248,
      "phi_omega_mag_R_over_r": 6.422127198106558,
      "phi_omega_mag_chirality_sign": 1,
      "phi_omega_mag_chirality_label": "CCW",
      "phi_omega_mag_mean_sin": 0.4016063584840065
    },
    {
      "port": 0,
      "rank": 1,
      "chirality_label": "RH",
      "cell_a": [
        7,
        19,
        15
      ],
      "cell_b": [
        8,
        20,
        16
      ],
      "offset": [
        1,
        1,
        1
      ],
      "b_hat": [
        0.5773502691896258,
        0.5773502691896258,
        0.5773502691896258
      ],
      "v_inc_sq_at_a": 0.06583962596541061,
      "eigvals": [
        0.0010257781921797944,
        0.0019756499435636256,
        0.0035485234358014588
      ],
      "planarity": 0.5376540133901918,
      "aspect_e2_e1": 1.3401976149198769,
      "phi_omega_mag_R_over_r": 51062534317142.27,
      "phi_omega_mag_chirality_sign": 0,
      "phi_omega_mag_chirality_label": "AMBIG",
      "phi_omega_mag_mean_sin": 0.0
    },
    {
      "port": 1,
      "rank": 0,
      "chirality_label": "LH",
      "cell_a": [
        7,
        15,
        15
      ],
      "cell_b": [
        8,
        14,
        14
      ],
      "offset": [
        1,
        -1,
        -1
      ],
      "b_hat": [
        0.5773502691896258,
        -0.5773502691896258,
        -0.5773502691896258
      ],
      "v_inc_sq_at_a": 0.07074661976116901,
      "eigvals": [
        0.0008335096581214923,
        0.0021433179569422737,
        0.0038972109012797894
      ],
      "planarity": 0.46246446075093484,
      "aspect_e2_e1": 1.3484462910409638,
      "phi_omega_mag_R_over_r": 48889979856835.19,
      "phi_omega_mag_chirality_sign": 0,
      "phi_omega_mag_chirality_label": "AMBIG",
      "phi_omega_mag_mean_sin": 0.0
    },
    {
      "port": 1,
      "rank": 1,
      "chirality_label": "LH",
      "cell_a": [
        20,
        26,
        16
      ],
      "cell_b": [
        21,
        25,
        15
      ],
      "offset": [
        1,
        -1,
        -1
      ],
      "b_hat": [
        0.5773502691896258,
        -0.5773502691896258,
        -0.5773502691896258
      ],
      "v_inc_sq_at_a": 0.06956520686049818,
      "eigvals": [
        0.0005061847324748859,
        0.0016324156933200723,
        0.00357809450410582
      ],
      "planarity": 0.37612189667998686,
      "aspect_e2_e1": 1.4805071967407821,
      "phi_omega_mag_R_over_r": 5.505034730174463,
      "phi_omega_mag_chirality_sign": 1,
      "phi_omega_mag_chirality_label": "CCW",
      "phi_omega_mag_mean_sin": 0.4734850876620087
    },
    {
      "port": 2,
      "rank": 0,
      "chirality_label": "RH",
      "cell_a": [
        25,
        11,
        17
      ],
      "cell_b": [
        24,
        12,
        16
      ],
      "offset": [
        -1,
        1,
        -1
      ],
      "b_hat": [
        -0.5773502691896258,
        0.5773502691896258,
        -0.5773502691896258
      ],
      "v_inc_sq_at_a": 0.08457424943580678,
      "eigvals": [
        0.0009021168784553298,
        0.0017566416453928682,
        0.0026935846751319245
      ],
      "planarity": 0.5787167973025606,
      "aspect_e2_e1": 1.2382938870439892,
      "phi_omega_mag_R_over_r": 38672735694910.21,
      "phi_omega_mag_chirality_sign": 0,
      "phi_omega_mag_chirality_label": "AMBIG",
      "phi_omega_mag_mean_sin": 0.0
    },
    {
      "port": 2,
      "rank": 1,
      "chirality_label": "RH",
      "cell_a": [
        5,
        17,
        15
      ],
      "cell_b": [
        4,
        18,
        14
      ],
      "offset": [
        -1,
        1,
        -1
      ],
      "b_hat": [
        -0.5773502691896258,
        0.5773502691896258,
        -0.5773502691896258
      ],
      "v_inc_sq_at_a": 0.07117764396388022,
      "eigvals": [
        0.00046865241945872504,
        0.001129571765717425,
        0.0026935415111180544
      ],
      "planarity": 0.417122479325766,
      "aspect_e2_e1": 1.5442048861026447,
      "phi_omega_mag_R_over_r": 40470797673945.19,
      "phi_omega_mag_chirality_sign": 0,
      "phi_omega_mag_chirality_label": "AMBIG",
      "phi_omega_mag_mean_sin": 0.0
    },
    {
      "port": 3,
      "rank": 0,
      "chirality_label": "LH",
      "cell_a": [
        5,
        15,
        15
      ],
      "cell_b": [
        4,
        14,
        16
      ],
      "offset": [
        -1,
        -1,
        1
      ],
      "b_hat": [
        -0.5773502691896258,
        -0.5773502691896258,
        0.5773502691896258
      ],
      "v_inc_sq_at_a": 0.0512515663093122,
      "eigvals": [
        0.0005874676850661195,
        0.00213839857123553,
        0.002551779743243808
      ],
      "planarity": 0.47981121888246303,
      "aspect_e2_e1": 1.0923888659449699,
      "phi_omega_mag_R_over_r": 45947126606888.09,
      "phi_omega_mag_chirality_sign": 0,
      "phi_omega_mag_chirality_label": "AMBIG",
      "phi_omega_mag_mean_sin": 0.0
    },
    {
      "port": 3,
      "rank": 1,
      "chirality_label": "LH",
      "cell_a": [
        15,
        5,
        17
      ],
      "cell_b": [
        14,
        4,
        18
      ],
      "offset": [
        -1,
        -1,
        1
      ],
      "b_hat": [
        -0.5773502691896258,
        -0.5773502691896258,
        0.5773502691896258
      ],
      "v_inc_sq_at_a": 0.05037290284469273,
      "eigvals": [
        0.0005400054185682972,
        0.001192660314784044,
        0.001780522641635263
      ],
      "planarity": 0.5507129747099241,
      "aspect_e2_e1": 1.2218428902172105,
      "phi_omega_mag_R_over_r": 35908210414765.266,
      "phi_omega_mag_chirality_sign": 0,
      "phi_omega_mag_chirality_label": "AMBIG",
      "phi_omega_mag_mean_sin": 0.0
    }
  ],
  "rh_aspects": [
    1.2386103271848248,
    1.3401976149198769,
    1.2382938870439892,
    1.5442048861026447
  ],
  "lh_aspects": [
    1.3484462910409638,
    1.4805071967407821,
    1.0923888659449699,
    1.2218428902172105
  ],
  "rh_internal_std_over_mean": 0.09312887945846815,
  "lh_internal_std_over_mean": 0.11225572448774089,
  "rh_internal_maxmin_relative": 0.2282361486153582,
  "lh_internal_maxmin_relative": 0.3018505555504302,
  "rh_mean_aspect": 1.340326678812834,
  "lh_mean_aspect": 1.2857963109859816,
  "rh_lh_mean_divergence": 0.04152918049815329,
  "thresholds": {
    "within_pair_tight": 0.05,
    "within_pair_spread": 0.15
  },
  "mode": "I-both-spread",
  "verdict": "Mode I-both-spread: RH-internal max-min=22.8% AND LH-internal max-min=30.2%, both above 15%. Both pairs have spread; suggests general statistical noise OR broader spatial-position-dependence; the v4 RH-tight finding may have been coincidence at n=1."
}