{
  "test": "Control B3: impedance landscape characterization",
  "elapsed_recording_s": 251.7042429447174,
  "n_steps": 1777,
  "s_field_mean_per_node": [
    0.0,
    0.0,
    0.7418050169944763,
    0.0,
    0.0,
    0.7418045997619629
  ],
  "s_field_std_per_node": [
    0.0,
    0.0,
    0.0012011531507596374,
    0.0,
    0.0,
    0.0012011289363726974
  ],
  "s_field_azimuthal_coeffs": [
    {
      "ell": 0,
      "cos_coeff": 0.24726826945940653,
      "sin_coeff": 0.0,
      "amplitude": 0.24726826945940653
    },
    {
      "ell": 1,
      "cos_coeff": -3.476937609122229e-08,
      "sin_coeff": 6.022232601488042e-08,
      "amplitude": 1.3907750449897212e-07
    },
    {
      "ell": 2,
      "cos_coeff": -0.1236341347297033,
      "sin_coeff": -0.2141406029016619,
      "amplitude": 0.49453653891881305
    },
    {
      "ell": 3,
      "cos_coeff": 6.953875223795573e-08,
      "sin_coeff": 4.5422414402481495e-17,
      "amplitude": 1.3907750447591147e-07
    }
  ],
  "z_local_mean_per_node": [
    999987.6875,
    999987.6875,
    1.1610621213912964,
    999987.6875,
    999987.6875,
    1.1610627174377441
  ],
  "gamma_signed_mean_per_node_port": [
    [
      1.0,
      -0.9998639225959778,
      -1.000000238418579,
      -0.9997842311859131
    ],
    [
      1.0,
      -1.000000238418579,
      -0.9998435974121094,
      -0.9997978806495667
    ],
    [
      0.8016640543937683,
      1.0000064373016357,
      1.0000064373016357,
      -0.0402027890086174
    ],
    [
      1.0,
      -0.9998639822006226,
      -1.000000238418579,
      -0.9997774958610535
    ],
    [
      1.0,
      -1.000000238418579,
      -0.9998378157615662,
      -0.9998106360435486
    ],
    [
      -1.8943754434585571,
      1.0000064373016357,
      1.0000064373016357,
      0.43475818634033203
    ]
  ],
  "gamma_rms_per_node_port": [
    [
      1.0,
      1.0000009536743164,
      0.9999987483024597,
      1.0000005960464478
    ],
    [
      1.0,
      0.9999987483024597,
      1.000001072883606,
      1.0000005960464478
    ],
    [
      2.608304500579834,
      1.000001311302185,
      1.000001311302185,
      0.7530338764190674
    ],
    [
      1.0,
      1.000001072883606,
      0.9999988079071045,
      1.0000005960464478
    ],
    [
      1.0,
      0.9999987483024597,
      1.0000008344650269,
      1.0000005960464478
    ],
    [
      3.374235153198242,
      1.0000014305114746,
      1.000001311302185,
      0.8218770027160645
    ]
  ],
  "real_power_signature_per_node_port": [
    [
      2.9802322387695312e-08,
      -3.427267074584961e-07,
      6.556510925292969e-07,
      -2.2351741790771484e-07
    ],
    [
      -2.9802322387695312e-08,
      6.556510925292969e-07,
      -3.725290298461914e-07,
      -2.384185791015625e-07
    ],
    [
      -3.2001446631513275e-11,
      -5.960464477539062e-07,
      -5.662441253662109e-07,
      3.1977274994599014e-11
    ],
    [
      2.9802322387695312e-08,
      -3.725290298461914e-07,
      5.960464477539062e-07,
      -2.2351741790771484e-07
    ],
    [
      -2.9802322387695312e-08,
      6.556510925292969e-07,
      -3.129243850708008e-07,
      -2.086162567138672e-07
    ],
    [
      -1.0554277937724343e-11,
      -6.407499313354492e-07,
      -5.811452865600586e-07,
      1.0532906144500309e-11
    ]
  ],
  "real_power_relative_per_node_port": [
    [
      3.0493698233158284e-08,
      -9.102037097363791e-07,
      1.2466105090425117e-06,
      -5.936111051596527e-07
    ],
    [
      -3.0493698233158284e-08,
      1.2466105090425117e-06,
      -9.893518608805607e-07,
      -6.331852091534529e-07
    ],
    [
      -0.7436966300010681,
      -1.3253676343083498e-06,
      -1.2590933238243451e-06,
      0.27627524733543396
    ],
    [
      3.0493755076577145e-08,
      -9.893534524962888e-07,
      1.1332832627886091e-06,
      -5.936119578109356e-07
    ],
    [
      -3.0493755076577145e-08,
      1.2466117595977266e-06,
      -8.310569228342501e-07,
      -5.540379106605542e-07
    ],
    [
      -0.8385204076766968,
      -1.4247648323362228e-06,
      -1.2922276937388233e-06,
      0.19368642568588257
    ]
  ],
  "real_power_per_node_summed": [
    1.1920928955078125e-07,
    1.4901161193847656e-08,
    -1.162290686806955e-06,
    2.9802322387695312e-08,
    1.043081283569336e-07,
    -1.2218952178955078e-06
  ],
  "real_power_azimuthal_coeffs": [
    {
      "ell": 0,
      "cos_coeff": -3.526608338688675e-07,
      "sin_coeff": 0.0,
      "amplitude": 3.526608338688675e-07
    },
    {
      "ell": 1,
      "cos_coeff": 2.4835363395443667e-09,
      "sin_coeff": -4.3016111225346005e-09,
      "amplitude": 9.934145358177687e-09
    },
    {
      "ell": 2,
      "cos_coeff": 2.1358331991905296e-07,
      "sin_coeff": 3.613339723225315e-07,
      "amplitude": 8.394762035984688e-07
    },
    {
      "ell": 3,
      "cos_coeff": 3.973641090245413e-08,
      "sin_coeff": -8.363968409073725e-23,
      "amplitude": 7.947282180490826e-08
    }
  ]
}