{
  "baseline": "Test 1 main: \u03c9=1.50",
  "results": [
    {
      "label": "T1.1 N=8",
      "N": 8,
      "PML": 2,
      "v_pulse": 0.01,
      "enable_cosserat_self_terms": false,
      "n_periods": 50,
      "elapsed_s": 6.665819883346558,
      "top5_peaks_omega_C": [
        0.022214414690791832,
        0.044428829381583664,
        0.0666432440723755,
        4.376239694085991,
        0.08885765876316733
      ],
      "top5_magnitudes": [
        0.00019169684053631453,
        0.0001860572511802698,
        0.0001776768287851611,
        0.00017766265263335215,
        0.00016765281465003633
      ],
      "v_traj_max_abs": 0.003906249999103877,
      "v_traj_rms": 0.00032491915891257587,
      "dominant_omega_non_nyquist": 0.022214414690791832
    },
    {
      "label": "T1.1 N=16",
      "N": 16,
      "PML": 4,
      "v_pulse": 0.01,
      "enable_cosserat_self_terms": false,
      "n_periods": 50,
      "elapsed_s": 15.967786073684692,
      "top5_peaks_omega_C": [
        0.022214414690791832,
        0.044428829381583664,
        4.376239694085991,
        0.0666432440723755,
        4.3540252793951995
      ],
      "top5_magnitudes": [
        0.001473008005981569,
        0.0009656639821684212,
        0.0008111439281212333,
        0.0007210768587949368,
        0.0006421191707685584
      ],
      "v_traj_max_abs": 0.0062499999980502865,
      "v_traj_rms": 0.003325452677581946,
      "dominant_omega_non_nyquist": 0.022214414690791832
    },
    {
      "label": "T1.1 N=24",
      "N": 24,
      "PML": 6,
      "v_pulse": 0.01,
      "enable_cosserat_self_terms": false,
      "n_periods": 50,
      "elapsed_s": 29.52031707763672,
      "top5_peaks_omega_C": [
        0.022214414690791832,
        4.376239694085991,
        0.044428829381583664,
        2.954517153875314,
        1.4883657842830527
      ],
      "top5_magnitudes": [
        0.0004326531051563093,
        0.0003159851615578617,
        0.0002830081086038775,
        0.0002600121879221336,
        0.00025985251407633134
      ],
      "v_traj_max_abs": 0.0062499999980502865,
      "v_traj_rms": 0.003485821668112608,
      "dominant_omega_non_nyquist": 0.022214414690791832
    },
    {
      "label": "T1.3 V_pulse=0.95 (saturated)",
      "N": 16,
      "PML": 4,
      "v_pulse": 0.95,
      "enable_cosserat_self_terms": false,
      "n_periods": 50,
      "elapsed_s": 14.460867881774902,
      "top5_peaks_omega_C": [
        0.022214414690791832,
        4.376239694085991,
        4.3540252793951995,
        0.044428829381583664,
        4.331810864704408
      ],
      "top5_magnitudes": [
        0.21340973312427247,
        0.18631707768390574,
        0.15993050558126293,
        0.13889555054074693,
        0.13866396345727644
      ],
      "v_traj_max_abs": 0.5519501216239753,
      "v_traj_rms": 0.31929420650253054,
      "dominant_omega_non_nyquist": 0.022214414690791832
    },
    {
      "label": "T1.4 Cosserat self-terms ON",
      "N": 16,
      "PML": 4,
      "v_pulse": 0.01,
      "enable_cosserat_self_terms": true,
      "n_periods": 50,
      "elapsed_s": 14.465919017791748,
      "top5_peaks_omega_C": [
        0.022214414690791832,
        0.044428829381583664,
        4.376239694085991,
        0.0666432440723755,
        4.3540252793951995
      ],
      "top5_magnitudes": [
        0.001473008005981569,
        0.0009656639821684212,
        0.0008111439281212333,
        0.0007210768587949368,
        0.0006421191707685584
      ],
      "v_traj_max_abs": 0.0062499999980502865,
      "v_traj_rms": 0.003325452677581946,
      "dominant_omega_non_nyquist": 0.022214414690791832
    }
  ]
}