{
  "test": "Control B5: far-field E and B characterization",
  "engine_config": "v8 baseline (UNCHANGED)",
  "elapsed_recording_s": 253.64950394630432,
  "n_avg_steps": 1333,
  "centroid": [
    15.5,
    17.5,
    16.5
  ],
  "r_bins_centers": [
    3.5,
    4.5,
    5.5,
    6.5,
    7.5,
    8.5,
    9.5
  ],
  "E_mean_per_shell": [
    2.8081776204878024e-08,
    1.1300181224831929e-08,
    1.5225429870843027e-08,
    8.93694328013759e-09,
    1.1699388797462313e-08,
    1.003190819962237e-08,
    6.344135978859632e-09
  ],
  "E_std_per_shell": [
    9.562067278270537e-08,
    3.7523093580055254e-08,
    4.464414267180579e-08,
    2.7790000697293953e-08,
    3.311894127517155e-08,
    3.339852982285497e-08,
    2.1704830707213182e-08
  ],
  "B_mean_per_shell": [
    3.7864610993473374e-06,
    1.6214639258444901e-06,
    1.8735010928946767e-06,
    1.5490939310752185e-06,
    1.526571047276155e-06,
    1.1338637469803753e-06,
    1.1028706913512016e-06
  ],
  "B_std_per_shell": [
    9.265251724956989e-06,
    5.677794080964788e-06,
    5.485977505253862e-06,
    4.612624409194215e-06,
    4.290668018641047e-06,
    3.427951965460317e-06,
    3.2280359836584182e-06
  ],
  "n_per_shell": [
    144,
    272,
    360,
    560,
    704,
    936,
    1112
  ],
  "coulomb_fit": {
    "slope_beta": -1.1036689425416526,
    "r_squared": 0.7118342714715109,
    "slope_pass": false,
    "r_squared_pass": true
  },
  "dipole_fit_B": {
    "slope_beta": -1.0374063500736386,
    "r_squared": 0.8065323434914787,
    "slope_pass": false,
    "r_squared_pass": true
  },
  "flux_per_shell": [
    6.343746281235224e-08,
    -3.492477117897853e-10,
    -7.315853318521003e-08,
    -2.5594746329661852e-08,
    2.5700529859726198e-08,
    5.503645436700709e-08,
    4.8278759205073934e-08
  ],
  "multipole_E_per_shell": {
    "3.5": {
      "ell_0": 1.2427345737995582e-10,
      "ell_1": 2.4113231722719177e-11,
      "ell_2": 1.5452547696083677e-11
    },
    "4.5": {
      "ell_0": 3.6220941373114504e-13,
      "ell_1": 4.101618733195198e-11,
      "ell_2": 6.9689481919888065e-12
    },
    "5.5": {
      "ell_0": 5.7326781070455994e-11,
      "ell_1": 4.78946512889787e-11,
      "ell_2": 4.9398185829953074e-11
    },
    "6.5": {
      "ell_0": 1.2893115422091515e-11,
      "ell_1": 2.061944093186864e-11,
      "ell_2": 1.2693078236596613e-11
    },
    "7.5": {
      "ell_0": 1.029827502735484e-11,
      "ell_1": 4.339517297567697e-11,
      "ell_2": 4.605885692247152e-12
    },
    "8.5": {
      "ell_0": 1.658706958828372e-11,
      "ell_1": 6.464190405640587e-12,
      "ell_2": 1.0723335434635386e-11
    },
    "9.5": {
      "ell_0": 1.2247469896633572e-11,
      "ell_1": 2.1509620446337568e-11,
      "ell_2": 3.893725020577509e-12
    }
  },
  "candidate_spin_axes": {
    "loop_normal": [
      -0.8164965809277261,
      -0.4082482904638631,
      0.4082482904638631
    ],
    "antinode_pair": [
      0.30151134457776363,
      0.30151134457776363,
      0.9045340337332909
    ],
    "k4_chiral": [
      0.5773502691896258,
      0.5773502691896258,
      0.5773502691896258
    ]
  },
  "passes": [
    "Coulomb R\u00b2 \u2265 0.7 (0.712)",
    "Charge sign defined (+1)",
    "B dipole R\u00b2 \u2265 0.7 (0.807)"
  ],
  "fails": [
    "Coulomb slope (\u03b2 = -1.1036689425416526)",
    "B-field dipole slope (\u03b2 = -1.0374063500736386)"
  ],
  "n_pass": 3,
  "mode": "II",
  "verdict": "Mode II (partial: substrate cavity mode with some electron-like signatures)"
}