{
  "test": "v8 DC/AC re-analysis @ T=0",
  "elapsed_recording_seconds": 270.14032530784607,
  "lattice": {
    "N": 32,
    "PML": 4,
    "center": [
      16,
      16,
      16
    ]
  },
  "recording_periods": 200.0,
  "n_steps": 1777,
  "engine_DT": 0.7071067811865475,
  "omega_DC_per_node": [
    [
      5.1458577217999846e-05,
      -0.00024884392041713,
      -0.00010737378761405125
    ],
    [
      0.0002280502230860293,
      8.594962127972394e-05,
      -0.00013921713980380446
    ],
    [
      0.00014503038255497813,
      8.139917918015271e-05,
      -0.00022635870845988393
    ],
    [
      0.00010532331361901015,
      -0.00024986767675727606,
      -5.876688373973593e-05
    ],
    [
      1.245774001290556e-05,
      -0.00015908284694887698,
      0.00022299685224425048
    ],
    [
      -0.00023386695829685777,
      -0.00015534376143477857,
      -2.1417483367258683e-05
    ]
  ],
  "omega_DC_mag_per_node": [
    0.00027586304349824786,
    0.00028067000675946474,
    0.0002808877034112811,
    0.0002774534223135561,
    0.000274208199698478,
    0.00028157440829090774
  ],
  "omega_AC_RMS_per_node": [
    0.05195502191781998,
    0.06317862123250961,
    0.061549510806798935,
    0.05551084503531456,
    0.060452356934547424,
    0.06448379904031754
  ],
  "omega_full_RMS_per_node": [
    0.05195574462413788,
    0.06317924708127975,
    0.061550188809633255,
    0.05551153048872948,
    0.06045303866267204,
    0.06448440998792648
  ],
  "omega_DC_energy_fraction_per_node": [
    2.8191612727823667e-05,
    1.9735272871912457e-05,
    2.0826038962695748e-05,
    2.4981225578812882e-05,
    2.0574278096319176e-05,
    1.9066759705310687e-05
  ],
  "omega_AC_energy_fraction_per_node": [
    0.9999722242355347,
    0.9999801516532898,
    0.9999779462814331,
    0.9999752640724182,
    0.9999774694442749,
    0.9999809861183167
  ],
  "V_DC_at_ring_per_node": [
    0.19355928534357894,
    0.0,
    0.22349727991983837,
    0.0,
    0.19355928539900882,
    0.0
  ],
  "V_DC_over_V_SNAP_per_ring_node": [
    0.19355928534357894,
    0.0,
    0.22349727991983837,
    0.0,
    0.19355928539900882,
    0.0
  ],
  "loop_V_DC_around_ring": 0.6321470238143314,
  "loop_flux_AC_steady_RMS": 0.7392576430631074,
  "loop_flux_AC_steady_peak": 1.2659243440283834,
  "cos_sim_full_steady": 0.515214351070289,
  "cos_sim_AC_steady": 0.515126776471376,
  "A2_mean_steady": 0.9020238095163229,
  "ring_localization_steady": 0.9617393725959994,
  "cos_sim_AC_first_50": [
    0.3896476912848332,
    0.2546556569953779,
    0.2568335149435719,
    0.3128821897559757,
    0.4038344087942823,
    0.3789072201323411,
    0.36258761212709684,
    0.48953152864422583,
    0.2829975990283396,
    0.49955814422645445,
    0.45464858626030935,
    0.45093920864118414,
    0.3696553242029382,
    0.34933018551397926,
    0.6176221397347945,
    0.409408738912743,
    0.49218238019613897,
    0.4757220036833832,
    0.4956702820645573,
    0.4727958701445632,
    0.17846653356971742,
    0.6475146568132776,
    0.35209405826695767,
    0.5534248731566817,
    0.5874213428745673,
    0.5814112320882813,
    0.7746312402249996,
    0.7063181161662642,
    0.6471300865296502,
    0.4570495644088511,
    0.6272246263309582,
    0.4683886319493576,
    0.6698698495474716,
    0.35459613629663206,
    0.5452379212330957,
    0.48436616074110556,
    0.38578437598246645,
    0.580915426918004,
    0.443404247902288,
    0.6224282229352122,
    0.45936884956181295,
    0.5903819888082215,
    0.3673070835478176,
    0.46923250204982675,
    0.531762216729564,
    0.33787253549080326,
    0.722313129777092,
    0.5021134388217342,
    0.39312125357367006,
    0.4272071802916708
  ],
  "cos_sim_AC_last_50": [
    0.5380192018444065,
    0.4174915588080801,
    0.3988182085541893,
    0.5020985578988472,
    0.5658421113557459,
    0.5530459431348925,
    0.4463394011689938,
    0.5430868028676653,
    0.6566883687811195,
    0.43304712687661207,
    0.4487264819139065,
    0.5384592921088385,
    0.4915189156390946,
    0.5964867019910006,
    0.4523709689812625,
    0.5462107519616654,
    0.520994360659942,
    0.49936112848102304,
    0.5697771791206337,
    0.5730939672380295,
    0.5531335271663641,
    0.46394547561087035,
    0.4851868269532043,
    0.5429193342904094,
    0.2724656547613286,
    0.5223144631142053,
    0.440912044276291,
    0.5655789063363782,
    0.5042495911124676,
    0.48797170616626984,
    0.48946804721011045,
    0.3844992094782907,
    0.5275507956096236,
    0.535343058516177,
    0.5325170216782509,
    0.32417525496639316,
    0.519966183697114,
    0.5616927842572519,
    0.599654719319159,
    0.5440753656725071,
    0.3863388847926625,
    0.45910881273256826,
    0.8123892549743646,
    0.419165455976509,
    0.5338220343628415,
    0.5232427548551295,
    0.434823943607836,
    0.6800524996630805,
    0.5420147335811107,
    0.5125903361225166
  ],
  "cos_sim_full_first_50": [
    0.3894043295295378,
    0.2546575837629312,
    0.25688917753206914,
    0.31289652018340647,
    0.4038153073963832,
    0.37892714551413803,
    0.36260977486410534,
    0.4900808281972333,
    0.2829757504700794,
    0.49954133994005195,
    0.4546735756264779,
    0.45089636522313387,
    0.36965415189023204,
    0.34941441332011164,
    0.6177063176686416,
    0.4093054114822732,
    0.49267669255720037,
    0.4757922365799015,
    0.49531255013266945,
    0.47270518185567906,
    0.178819995514124,
    0.6477777254298249,
    0.35222847733334234,
    0.5535795775456777,
    0.5885750676179264,
    0.5807032081525026,
    0.7748540187759049,
    0.706576473309359,
    0.6467332715878785,
    0.456037207331143,
    0.627518534483786,
    0.4678404325850816,
    0.6697536512682359,
    0.3548066970407566,
    0.5458502173834412,
    0.48362618604665375,
    0.38652425634832777,
    0.5820342685764609,
    0.4429371454399646,
    0.623699409304709,
    0.4594017052447417,
    0.5906305714694664,
    0.36693335285650347,
    0.46957368868415417,
    0.533340699509035,
    0.3378546774069792,
    0.7217160271112485,
    0.5023354264117229,
    0.3931577544520048,
    0.42671450599609556
  ],
  "cos_sim_full_last_50": [
    0.5387257069290681,
    0.41607558508712567,
    0.3982273147089253,
    0.5051310036723632,
    0.5675146262479612,
    0.5531408801611264,
    0.4462869114492202,
    0.5432043630538425,
    0.6532737740014047,
    0.43246428834159584,
    0.45032022107213704,
    0.5386899112358045,
    0.49143113723356713,
    0.5946314499317938,
    0.4528537362794691,
    0.5422475708893422,
    0.5207711772023618,
    0.4988674597117957,
    0.5703127111439957,
    0.5728216124916092,
    0.5518229847920544,
    0.4663849738394867,
    0.49030092721257085,
    0.5431604088441715,
    0.2778629264512768,
    0.5243121530713881,
    0.4356642316011265,
    0.5633454267309584,
    0.5074866604090746,
    0.48552678277560385,
    0.4906882115766646,
    0.3813324017016819,
    0.529583224818661,
    0.5310971176600616,
    0.5308839605556459,
    0.319448135238988,
    0.5200105716262757,
    0.558462745690433,
    0.5986694898819501,
    0.547841910655554,
    0.3904376029465473,
    0.4595918681703162,
    0.8165422196156479,
    0.4203615508673266,
    0.5309998964421706,
    0.5225016326500387,
    0.43612163960980044,
    0.6795182390039,
    0.5422470765555693,
    0.511647957588321
  ],
  "audit": {
    "ratio_AC_to_full_mean": 0.9999886155128479,
    "implied_AC_Beltrami_quality_from_full_metric": 0.5152202165882253,
    "direct_cos_sim_AC_steady": 0.515126776471376,
    "v8_reported_cos_sim": 0.5152
  }
}