{
  "test": "Foundation Audit Test 3b: Drive-Amplitude Scan",
  "addresses_flag": "Flag 1 from auditor 2026-04-30 (mode-relation overclaim)",
  "amplitudes": [
    0.0001,
    0.0003,
    0.001,
    0.003,
    0.01,
    0.03
  ],
  "drive_frequencies": [
    1.5,
    2.96
  ],
  "results": [
    {
      "omega_drive": 1.5,
      "drive_amplitude": 0.0001,
      "drive_amplitude_squared": 1e-08,
      "lockin_at_drive": 9.516859612544025e-05,
      "fft_targets": [
        1.5,
        3.0,
        2.96,
        4.5,
        2.5
      ],
      "fft_at": {
        "1.5": 6.36801180696662e-05,
        "3.0": 7.765885061981344e-07,
        "2.96": 7.947278600155442e-07,
        "4.5": 5.421530481865481e-07,
        "2.5": 1.1515197398594397e-06
      },
      "fft_noise_floor": 1.4187085481757061e-06,
      "n_steps": 444,
      "elapsed_s": 15.764362096786499
    },
    {
      "omega_drive": 1.5,
      "drive_amplitude": 0.0003,
      "drive_amplitude_squared": 8.999999999999999e-08,
      "lockin_at_drive": 0.00028550576529125,
      "fft_targets": [
        1.5,
        3.0,
        2.96,
        4.5,
        2.5
      ],
      "fft_at": {
        "1.5": 0.00019104033950972815,
        "3.0": 2.3297645635687843e-06,
        "2.96": 2.384182619587992e-06,
        "4.5": 1.6264494236596216e-06,
        "2.5": 3.4545581586282837e-06
      },
      "fft_noise_floor": 4.256125986126084e-06,
      "n_steps": 444,
      "elapsed_s": 14.381786823272705
    },
    {
      "omega_drive": 1.5,
      "drive_amplitude": 0.001,
      "drive_amplitude_squared": 1e-06,
      "lockin_at_drive": 0.0009516850089900032,
      "fft_targets": [
        1.5,
        3.0,
        2.96,
        4.5,
        2.5
      ],
      "fft_at": {
        "1.5": 0.0006368005743483521,
        "3.0": 7.765845666964806e-06,
        "2.96": 7.947238981025868e-06,
        "4.5": 5.421129505905838e-06,
        "2.5": 1.1515153634189237e-05
      },
      "fft_noise_floor": 1.4187099572591639e-05,
      "n_steps": 444,
      "elapsed_s": 14.421020984649658
    },
    {
      "omega_drive": 1.5,
      "drive_amplitude": 0.003,
      "drive_amplitude_squared": 9e-06,
      "lockin_at_drive": 0.0028550319405198595,
      "fft_targets": [
        1.5,
        3.0,
        2.96,
        4.5,
        2.5
      ],
      "fft_at": {
        "1.5": 0.0019103870228768397,
        "3.0": 2.3296581919770744e-05,
        "2.96": 2.3840756428733295e-05,
        "4.5": 1.6253670570635913e-05,
        "2.5": 3.4544399895480716e-05
      },
      "fft_noise_floor": 4.2561640285044536e-05,
      "n_steps": 444,
      "elapsed_s": 14.44499397277832
    },
    {
      "omega_drive": 1.5,
      "drive_amplitude": 0.01,
      "drive_amplitude_squared": 0.0001,
      "lockin_at_drive": 0.00951589725067116,
      "fft_targets": [
        1.5,
        3.0,
        2.96,
        4.5,
        2.5
      ],
      "fft_at": {
        "1.5": 0.006367399021016049,
        "3.0": 7.761903852404202e-05,
        "2.96": 7.9432747470283e-05,
        "4.5": 5.381154820348794e-05,
        "2.5": 0.00011510774817163007
      },
      "fft_noise_floor": 0.00014188507336153458,
      "n_steps": 444,
      "elapsed_s": 14.251003980636597
    },
    {
      "omega_drive": 1.5,
      "drive_amplitude": 0.03,
      "drive_amplitude_squared": 0.0009,
      "lockin_at_drive": 0.028524467019574482,
      "fft_targets": [
        1.5,
        3.0,
        2.96,
        4.5,
        2.5
      ],
      "fft_at": {
        "1.5": 0.019087406824275684,
        "3.0": 0.00023189648923361525,
        "2.96": 0.0002373321632433311,
        "4.5": 0.0001520084472127576,
        "2.5": 0.00034425654463850756
      },
      "fft_noise_floor": 0.0004261323210810969,
      "n_steps": 444,
      "elapsed_s": 14.227043867111206
    },
    {
      "omega_drive": 2.96,
      "drive_amplitude": 0.0001,
      "drive_amplitude_squared": 1e-08,
      "lockin_at_drive": 9.474566637859235e-05,
      "fft_targets": [
        2.96,
        5.92,
        1.5,
        4.5,
        3.5
      ],
      "fft_at": {
        "2.96": 9.445401335485687e-05,
        "5.92": 4.426578501885414e-08,
        "1.5": 1.9011104787323227e-07,
        "4.5": 4.426578501885414e-08,
        "3.5": 2.7232545336862967e-07
      },
      "fft_noise_floor": 1.8563974964054458e-07,
      "n_steps": 444,
      "elapsed_s": 14.25700306892395
    },
    {
      "omega_drive": 2.96,
      "drive_amplitude": 0.0003,
      "drive_amplitude_squared": 8.999999999999999e-08,
      "lockin_at_drive": 0.0002842370229383154,
      "fft_targets": [
        2.96,
        5.92,
        1.5,
        4.5,
        3.5
      ],
      "fft_at": {
        "2.96": 0.0002833620637397418,
        "5.92": 1.3279670526853905e-07,
        "1.5": 5.703332108504522e-07,
        "4.5": 1.3279670526853905e-07,
        "3.5": 8.169763747695593e-07
      },
      "fft_noise_floor": 5.56919314430815e-07,
      "n_steps": 444,
      "elapsed_s": 14.288386106491089
    },
    {
      "omega_drive": 2.96,
      "drive_amplitude": 0.001,
      "drive_amplitude_squared": 1e-06,
      "lockin_at_drive": 0.0009474576456512025,
      "fft_targets": [
        2.96,
        5.92,
        1.5,
        4.5,
        3.5
      ],
      "fft_at": {
        "2.96": 0.0009445411101596856,
        "5.92": 4.4263104728258186e-07,
        "1.5": 1.9011132519576368e-06,
        "4.5": 4.4263104728258186e-07,
        "3.5": 2.723255138775061e-06
      },
      "fft_noise_floor": 1.8564001986095493e-06,
      "n_steps": 444,
      "elapsed_s": 14.298841953277588
    },
    {
      "omega_drive": 2.96,
      "drive_amplitude": 0.003,
      "drive_amplitude_squared": 9e-06,
      "lockin_at_drive": 0.002842396742279169,
      "fft_targets": [
        2.96,
        5.92,
        1.5,
        4.5,
        3.5
      ],
      "fft_at": {
        "2.96": 0.002833647008367111,
        "5.92": 1.3272435834702521e-06,
        "1.5": 5.703406975431951e-06,
        "4.5": 1.3272435834702521e-06,
        "3.5": 8.16978013594963e-06
      },
      "fft_noise_floor": 5.569266091873042e-06,
      "n_steps": 444,
      "elapsed_s": 14.323889970779419
    },
    {
      "omega_drive": 2.96,
      "drive_amplitude": 0.01,
      "drive_amplitude_squared": 0.0001,
      "lockin_at_drive": 0.009475559483807168,
      "fft_targets": [
        2.96,
        5.92,
        1.5,
        4.5,
        3.5
      ],
      "fft_at": {
        "2.96": 0.009446388845301449,
        "5.92": 4.399603783098369e-06,
        "1.5": 1.9013901094210905e-05,
        "4.5": 4.399603783098369e-06,
        "3.5": 2.7233179866887628e-05
      },
      "fft_noise_floor": 1.8761989414119305e-05,
      "n_steps": 444,
      "elapsed_s": 14.326056003570557
    },
    {
      "omega_drive": 2.96,
      "drive_amplitude": 0.03,
      "drive_amplitude_squared": 0.0009,
      "lockin_at_drive": 0.028450764472914756,
      "fft_targets": [
        2.96,
        5.92,
        1.5,
        4.5,
        3.5
      ],
      "fft_at": {
        "2.96": 0.028363117797652954,
        "5.92": 1.257301529954412e-05,
        "1.5": 5.7107826739718284e-05,
        "4.5": 1.257301529954412e-05,
        "3.5": 8.172005270831078e-05
      },
      "fft_noise_floor": 5.6313675623983105e-05,
      "n_steps": 444,
      "elapsed_s": 14.341463088989258
    }
  ],
  "verdict": {
    "slope_at_drive_1p5": 0.9999976598038034,
    "slope_at_3p0": 0.9999875321614776,
    "slope_at_2p96": 0.9999877474319786,
    "fft_at_3p0_over_noise_at_A3em3": 0.5473609983954679,
    "fft_at_2p96_over_noise_at_A3em3": 0.5601465608248785,
    "h1_independent_modes_pass": true,
    "h2_2nd_harmonic_pass": false
  },
  "elapsed_total_s": 173.32949090003967
}