{
  "test": "Foundation Audit Test 1: single-pulse ringdown",
  "N": 16,
  "PML": 4,
  "v_pulse_amplitude": 0.01,
  "n_periods": 100.0,
  "n_steps": 888,
  "DT": 0.7071067811865475,
  "elapsed_recording_s": 30.02183198928833,
  "v_traj_first_100": [
    6.250312520479077e-08,
    0.0024999999994018115,
    9.37535158121482e-08,
    0.004374999999039979,
    1.2207424180804917e-07,
    0.0062499999980502865,
    1.6147336588333144e-07,
    0.004016113278613329,
    1.8241758251220363e-07,
    0.005303487773988241,
    2.131112805783954e-07,
    0.004954407266023101,
    2.396309152859456e-07,
    0.0046856190509638376,
    2.6424486410332145e-07,
    0.004973945716428401,
    2.9177940111123896e-07,
    0.004854447581051543,
    3.1732862866084494e-07,
    0.0048182875885140275,
    3.418824343551227e-07,
    0.004820044419669919,
    3.6772760451993044e-07,
    0.004895362295100154,
    3.931693598436901e-07,
    0.004760071588474524,
    4.170613404160633e-07,
    0.004813164266987721,
    4.427245928222344e-07,
    0.004852120653602265,
    4.673026013074938e-07,
    0.00474196527871427,
    4.911032253822182e-07,
    0.00481591270917315,
    5.163193643278103e-07,
    0.004798303780015687,
    5.402196808200562e-07,
    0.004752450705193669,
    5.642054512569719e-07,
    0.004794462862164973,
    5.887731055502543e-07,
    0.00476975708211628,
    6.124327798526034e-07,
    0.0047567699396866515,
    6.363753927058303e-07,
    0.004771332372053346,
    6.604333381780837e-07,
    0.00475770620550239,
    6.840324186537994e-07,
    0.00475121767160583,
    7.077831081831232e-07,
    0.004755891569826187,
    7.315452463550444e-07,
    0.004749060188809986,
    7.550608103103707e-07,
    0.0047434051726908495,
    7.786259013257492e-07,
    0.004745915806380249,
    8.022029470331206e-07,
    0.0047408058015774735,
    8.256063281786468e-07,
    0.004736825423210099,
    8.49037024581416e-07,
    0.004738045600228949,
    8.724657428821115e-07,
    0.00473369570276373,
    8.957671607412693e-07,
    0.004731390306040881,
    9.190927587886868e-07,
    0.004731314720686459,
    9.423959144697815e-07,
    0.004728006960748685,
    9.656155159491385e-07,
    0.004726536190184703,
    9.888483788798674e-07,
    0.004725700745807263,
    1.0120510171331094e-06,
    0.00472335297922115,
    1.035201147256389e-06,
    0.004722155493961981,
    1.058352094185428e-06,
    0.004721094908533152,
    1.0814753474039608e-06,
    0.004719374534538261,
    1.1045629506391438e-06,
    0.004718299518222425,
    1.1276442404679952e-06,
    0.004717256967187377,
    1.1507023804893513e-06,
    0.004715910625473026,
    1.1737338592521888e-06,
    0.004714951179518208,
    1.1967564182206809e-06,
    0.004713985917253284,
    1.2197591707533929e-06,
    0.004712888557027268,
    1.2427411827669988e-06,
    0.004712036566891643,
    1.2657134275546932e-06,
    0.004711158179246193
  ],
  "v_traj_last_100": [
    9.024550207816648e-06,
    0.004678442353371921,
    9.046949416580303e-06,
    0.004678439275564153,
    9.069348573613183e-06,
    0.0046784362372659285,
    9.091747679583058e-06,
    0.0046784332379575504,
    9.114146735147637e-06,
    0.00467843027712618,
    9.136545740955663e-06,
    0.004678427354265752,
    9.158944697649922e-06,
    0.004678424468876881,
    9.181343605860692e-06,
    0.004678421620466774,
    9.203742466212102e-06,
    0.004678418808549142,
    9.226141279320216e-06,
    0.004678416032644113,
    9.248540045791781e-06,
    0.004678413292278149,
    9.270938766227432e-06,
    0.0046784105869839545,
    9.293337441216585e-06,
    0.004678407916300405,
    9.315736071342866e-06,
    0.0046784052797724535,
    9.3381346571833e-06,
    0.004678402676951054,
    9.360533199304116e-06,
    0.004678400107393083,
    9.382931698266887e-06,
    0.0046783975706612595,
    9.40533015462379e-06,
    0.004678395066324067,
    9.427728568921107e-06,
    0.004678392593955677,
    9.450126941696784e-06,
    0.004678390153135872,
    9.472525273481238e-06,
    0.004678387743449976,
    9.494923564798968e-06,
    0.004678385364488772,
    9.517321816167074e-06,
    0.004678383015848438,
    9.53972002809578e-06,
    0.00467838069713047,
    9.562118201088292e-06,
    0.004678378407941616,
    9.584516335640954e-06,
    0.004678376147893798,
    9.606914432244363e-06,
    0.004678373916604053,
    9.62931249138189e-06,
    0.004678371713694459,
    9.65171051352991e-06,
    0.0046783695387920725,
    9.674108499160632e-06,
    0.004678367391528854,
    9.696506448736958e-06,
    0.004678365271541612,
    9.718904362717914e-06,
    0.004678363178471937,
    9.741302241555677e-06,
    0.004678361111966134,
    9.763700085696764e-06,
    0.00467835907167516,
    9.78609789557978e-06,
    0.0046783570572545684,
    9.808495671641505e-06,
    0.004678355068364444,
    9.83089341430824e-06,
    0.00467835310466934,
    9.85329112400371e-06,
    0.004678351165838226,
    9.875688801145376e-06,
    0.004678349251544422,
    9.8980864461447e-06,
    0.0046783473614655435,
    9.920484059407181e-06,
    0.004678345495283449,
    9.94288164133505e-06,
    0.004678343652684177,
    9.965279192322275e-06,
    0.004678341833357895,
    9.98767671275995e-06,
    0.004678340036998842,
    1.0010074203032674e-05,
    0.0046783382633052775,
    1.0032471663519642e-05,
    0.004678336511979425,
    1.0054869094597201e-05,
    0.004678334782727423,
    1.0077266496633721e-05,
    0.004678333075259273,
    1.0099663869994406e-05,
    0.004678331389288782,
    1.0122061215039787e-05,
    0.004678329724533521
  ],
  "v_traj_max_abs": 0.0062499999980502865,
  "v_traj_rms": 0.003316995255185431,
  "peaks_full": [
    [
      444,
      0.7071067811865476,
      2.079571666229892
    ],
    [
      150,
      0.23888742607653635,
      0.004536551349739836
    ],
    [
      149,
      0.2372948432360261,
      0.004534351293048208
    ],
    [
      294,
      0.4682193551100112,
      0.004529333234554645
    ],
    [
      295,
      0.46981193795052145,
      0.004526678271209207
    ]
  ],
  "peaks_windowed": [
    [
      422,
      0.7071067811865476,
      1.9752776636353806
    ],
    [
      421,
      0.7054311727003235,
      0.0028397723594811306
    ],
    [
      1,
      0.0016756084862240464,
      0.002085712770647442
    ],
    [
      420,
      0.7037555642140995,
      0.0019478752049812674
    ],
    [
      419,
      0.7020799557278754,
      0.0015100281266105314
    ]
  ],
  "dominant_omega_windowed_in_omega_C_units": 4.442882938158366,
  "candidate_comparison": {
    "\u03c9_TL = \u03c9_C/\u221a3 (TLM bond traversal)": {
      "omega_pred": 0.5773502691896258,
      "pct_off": 669.5298980971183
    },
    "\u03c9_C (corpus bond-pair LC tank)": {
      "omega_pred": 1.0,
      "pct_off": 344.2882938158366
    },
    "\u03c0/\u221a3 \u00b7 \u03c9_C (half-wave bond res.)": {
      "omega_pred": 1.8137993642342178,
      "pct_off": 144.94897427831782
    },
    "\u03c0/(2\u221a3) \u00b7 \u03c9_C (quarter-wave)": {
      "omega_pred": 0.9068996821171089,
      "pct_off": 389.89794855663564
    },
    "2\u03c0/\u221a3 \u00b7 \u03c9_C (full-wave)": {
      "omega_pred": 3.6275987284684357,
      "pct_off": 22.474487139158903
    },
    "\u03c9_C\u00b7\u221a3 (sqrt-3 multiple)": {
      "omega_pred": 1.7320508075688772,
      "pct_off": 156.5099660323728
    }
  }
}