{
  "pre_registration": "P_phase11_path_alpha_v7_helical_beltrami_chair_ring_IC",
  "test": "helical Beltrami trapped-photon unknot bond-pair-scale chair-ring IC",
  "lattice": {
    "N": 32,
    "pml": 4,
    "center": [
      16,
      16,
      16
    ]
  },
  "recording_periods": 200.0,
  "ic_amplitudes": {
    "a_amp_pol": 0.95,
    "helical_pitch": 0.15915494309189535,
    "k_beltrami": 1.0
  },
  "thresholds": {
    "persistence_periods": 100.0,
    "A2_mean_threshold": 0.5,
    "beltrami_parallelism": 0.8,
    "loop_flux_target": 6.283185307179586,
    "loop_flux_tolerance": 0.2,
    "ring_localization": 0.5,
    "beltrami_ic_threshold": 0.95
  },
  "T_V_rupt_natural_units": 0.0005807048625612808,
  "runs": [
    {
      "label": "T=0",
      "temperature": 0.0,
      "helical_pitch": 0.15915494309189535,
      "elapsed_seconds": 259.23792004585266,
      "beltrami_ic_cos_sims": [
        1.0000000000000002,
        1.0,
        1.0000000000000002,
        1.0000000000000002,
        1.0,
        1.0000000000000002
      ],
      "beltrami_ic_pass": true,
      "phi_link_smoke": {
        "pre": {
          "V_inc": [
            0.95,
            0.0,
            0.4750000000000001,
            0.0
          ],
          "V_ref": [
            0.0,
            0.0,
            0.0,
            0.0
          ],
          "Phi_link": [
            0.0,
            0.0,
            -0.8227241335952167,
            0.0
          ],
          "omega": [
            -0.1795232148052191,
            0.8593073320466263,
            0.39334833989253176
          ]
        },
        "post": {
          "V_inc": [
            -0.23749999999999993,
            -0.712498575001425,
            -0.2385234512437113,
            -0.712498575001425
          ],
          "V_ref": [
            -0.23749999999999993,
            0.7125,
            0.23749999999999993,
            0.7125
          ],
          "Phi_link": [
            -0.16793786053180498,
            0.25190679079770756,
            -0.9066930638611193,
            0.25190679079770756
          ],
          "omega": [
            0.002144158854833225,
            -0.056285294417025594,
            -0.02603400771303463
          ]
        },
        "v_inc_engaged": true,
        "phi_link_evolved": true
      },
      "initial_state": {
        "A2_per_node": [
          1.128125,
          1.128125,
          0.45124999999999993,
          1.1281249999999998,
          1.1281250000000003,
          0.4512500000000005
        ],
        "A2_min": 0.45124999999999993,
        "A2_mean": 0.9025000000000002,
        "cos_sim_per_node": [
          -0.38740761014031966,
          -0.5967559298793012,
          -0.8113301334091596,
          0.6440761280480556,
          -0.08101406078511336,
          0.08196098745251032
        ],
        "cos_sim_mean": -0.19174510311888796,
        "cos_sim_abs_mean": 0.43375747495240996,
        "loop_flux": 2.220446049250313e-16,
        "ring_energy": 10.967163552355814,
        "total_energy": 10.967163552355816,
        "ring_localization": 0.9999999999999999
      },
      "results": {
        "persistence_periods": 199.98276172639717,
        "A2_mean_steady": 0.9020235968310278,
        "beltrami_cos_sim_steady": 0.524844558258392,
        "loop_flux_steady": 496.233419951947,
        "ring_localization_steady": 0.9617671724574641,
        "A2_min_first10": [
          0.4473657403542323,
          0.4493012577874669,
          0.45027414346593386,
          0.4531934511028767,
          0.4512469771345922,
          0.4502726113661974,
          0.4473627473845745,
          0.4492982717738258,
          0.4502711511457919,
          0.45319043729325154
        ],
        "A2_min_last10": [
          0.44939565676987003,
          0.4523084129147318,
          0.450359620818339,
          0.4493870831117306,
          0.4464837741119124,
          0.4484216119069963,
          0.44939267559969376,
          0.45230540949794323,
          0.4503566095419427,
          0.44938407805919733
        ]
      },
      "criteria_pass": {
        "persistence": true,
        "beltrami": false,
        "loop_flux": false,
        "ring_localization": true,
        "n_pass": 2
      },
      "mode": "II",
      "verdict": "Mode II partial at T=0: 2/4 criteria pass. Persistence=P (200.0P), Beltrami=F (0.525), flux=F (+496.233), loc=P (0.962)."
    },
    {
      "label": "T=1e-03\u00b7T_V-rupt=5.8070e-07",
      "temperature": 5.807048625612808e-07,
      "helical_pitch": 0.15915494309189535,
      "elapsed_seconds": 259.3301770687103,
      "beltrami_ic_cos_sims": [
        1.0000000000000002,
        1.0,
        1.0000000000000002,
        1.0000000000000002,
        1.0,
        1.0000000000000002
      ],
      "beltrami_ic_pass": true,
      "phi_link_smoke": {
        "pre": {
          "V_inc": [
            0.95,
            0.0,
            0.4750000000000001,
            0.0
          ],
          "V_ref": [
            0.0,
            0.0,
            0.0,
            0.0
          ],
          "Phi_link": [
            0.0,
            0.0,
            -0.8227241335952167,
            0.0
          ],
          "omega": [
            -0.1795232148052191,
            0.8593073320466263,
            0.39334833989253176
          ]
        },
        "post": {
          "V_inc": [
            -0.23749999999999993,
            -0.712498575001425,
            -0.2385234512437113,
            -0.712498575001425
          ],
          "V_ref": [
            -0.23749999999999993,
            0.7125,
            0.23749999999999993,
            0.7125
          ],
          "Phi_link": [
            -0.16793786053180498,
            0.25190679079770756,
            -0.9066930638611193,
            0.25190679079770756
          ],
          "omega": [
            0.0021123729517125503,
            -0.05628845462945331,
            -0.026080507087527585
          ]
        },
        "v_inc_engaged": true,
        "phi_link_evolved": true
      },
      "initial_state": {
        "A2_per_node": [
          1.128125,
          1.128125,
          0.45124999999999993,
          1.1281249999999998,
          1.1281250000000003,
          0.4512500000000005
        ],
        "A2_min": 0.45124999999999993,
        "A2_mean": 0.9025000000000002,
        "cos_sim_per_node": [
          -0.38740761014031966,
          -0.5967559298793012,
          -0.8113301334091596,
          0.6440761280480556,
          -0.08101406078511336,
          0.08196098745251032
        ],
        "cos_sim_mean": -0.19174510311888796,
        "cos_sim_abs_mean": 0.43375747495240996,
        "loop_flux": 2.220446049250313e-16,
        "ring_energy": 10.967163552355814,
        "total_energy": 10.967337203051391,
        "ring_localization": 0.9999841665581752
      },
      "results": {
        "persistence_periods": 199.98276172639717,
        "A2_mean_steady": 0.9020235968310278,
        "beltrami_cos_sim_steady": 0.5246138964239401,
        "loop_flux_steady": 496.233419951947,
        "ring_localization_steady": 0.9617632669632024,
        "A2_min_first10": [
          0.4473657403542323,
          0.4493012577874669,
          0.45027414346593386,
          0.4531934511028767,
          0.4512469771345922,
          0.4502726113661974,
          0.4473627473845745,
          0.4492982717738258,
          0.4502711511457919,
          0.45319043729325154
        ],
        "A2_min_last10": [
          0.44939565676987003,
          0.4523084129147318,
          0.450359620818339,
          0.4493870831117306,
          0.4464837741119124,
          0.4484216119069963,
          0.44939267559969376,
          0.45230540949794323,
          0.4503566095419427,
          0.44938407805919733
        ]
      },
      "criteria_pass": {
        "persistence": true,
        "beltrami": false,
        "loop_flux": false,
        "ring_localization": true,
        "n_pass": 2
      },