{
  "test": "v8 EE Phase A \u2014 power-electronics analysis suite at T=0",
  "elapsed_recording_s": 270.720782995224,
  "A1_fft": {
    "engine_DT": 0.7071067811865475,
    "n_samples_post_transient": 1333,
    "f_compton_natural": 0.15915494309189535,
    "f_LC_natural": 0.09188814923696535,
    "ratio_f_LC_to_f_C": 0.5773502691896258,
    "v_inc_top3_peaks": [
      [
        222,
        0.2355254394949941,
        0.34893694519996643
      ],
      [
        666,
        0.7065763184849824,
        0.1293080449104309
      ],
      [
        223,
        0.2365863648981247,
        0.0698515847325325
      ]
    ],
    "v_ref_top3_peaks": [
      [
        222,
        0.2355254394949941,
        0.34893277287483215
      ],
      [
        666,
        0.7065763184849824,
        0.1293068826198578
      ],
      [
        223,
        0.2365863648981247,
        0.06985587626695633
      ]
    ],
    "omega_top3_peaks": [
      [
        598,
        0.6344333910721013,
        3.296747922897339
      ],
      [
        599,
        0.6354943164752318,
        2.1094791889190674
      ],
      [
        3,
        0.003182776209391812,
        2.099449872970581
      ]
    ],
    "omega_dot_top3_peaks": [
      [
        598,
        0.6344333910721013,
        7.7247443199157715
      ],
      [
        3,
        0.003182776209391812,
        5.542527675628662
      ],
      [
        599,
        0.6354943164752318,
        5.061312198638916
      ]
    ]
  },
  "A2_faraday": {
    "loop_V_DC_steady": 0.0007159432364154023,
    "loop_V_AC_RMS_steady": 3.378213324642135,
    "ring_radius_lnode": 1.6583123951777,
    "area_enclosed_lnode2": 7.144709581221619,
    "loop_normal_hat": [
      -0.8164965809277261,
      -0.4082482904638631,
      0.4082482904638631
    ],
    "Phi_B_initial_steady": 0.04636410316728972,
    "Phi_B_final": 0.017672409585862817,
    "dPhi_B_dt_steady": -1.0797395409910168e-07,
    "expected_dPhi_B_dt_from_Faraday": -0.0007159432364154023,
    "faraday_residual_abs": 0.0007158352624613032,
    "faraday_residual_rel": 0.9998491864318187
  },
  "A3_bond_LC": {
    "L_node_m": 3.8615926772428334e-13,
    "bond_length_m": 6.688474715120513e-13,
    "L_bond_H": 8.404985211497475e-19,
    "C_bond_F": 5.922101134108204e-24,
    "Z_bond_ohm": 376.7303134617707,
    "Z_0_ohm": 376.73031346177066,
    "Z_bond_equals_Z_0": true,
    "omega_LC_SI_rad_per_s": 4.482224584362481e+20,
    "omega_C_SI_rad_per_s": 7.76344071105011e+20,
    "omega_LC_over_omega_C": 0.5773502691896257,
    "expected_one_over_sqrt3": 0.5773502691896258
  },
  "A4_power_split": {
    "v_inc_sq_per_node_port": [
      [
        0.48866361379623413,
        0.18826906383037567,
        0.2629738450050354,
        0.18826912343502045
      ],
      [
        0.48866358399391174,
        0.2629738450050354,
        0.18826903402805328,
        0.18826910853385925
      ],
      [
        5.5143992670758646e-12,
        0.22486050426959991,
        0.22486157715320587,
        7.386077166549043e-11
      ],
      [
        0.4886627495288849,
        0.1882687509059906,
        0.2629735767841339,
        0.18826884031295776
      ],
      [
        0.4886627197265625,
        0.2629735767841339,
        0.188268780708313,
        0.18826884031295776
      ],
      [
        1.0162548970751861e-12,
        0.22486132383346558,
        0.2248615026473999,
        3.245706828303163e-11
      ]
    ],
    "v_ref_sq_per_node_port": [
      [
        0.48866358399391174,
        0.18826940655708313,
        0.26297318935394287,
        0.18826934695243835
      ],
      [
        0.48866361379623413,
        0.26297318935394287,
        0.18826940655708313,
        0.18826934695243835
      ],
      [
        3.751584459754653e-11,
        0.22486110031604767,
        0.22486214339733124,
        4.188349667089142e-11
      ],
      [
        0.4886627197265625,
        0.18826912343502045,
        0.26297298073768616,
        0.18826906383037567
      ],
      [
        0.4886627495288849,
        0.2629729211330414,
        0.18826909363269806,
        0.18826904892921448
      ],
      [
        1.1570532726379312e-11,
        0.2248619645833969,
        0.22486208379268646,
        2.1924162138531322e-11
      ]
    ],
    "real_power_signature_per_node_port": [
      [
        2.9802322387695312e-08,
        -3.427267074584961e-07,
        6.556510925292969e-07,
        -2.2351741790771484e-07
      ],
      [
        -2.9802322387695312e-08,
        6.556510925292969e-07,
        -3.725290298461914e-07,
        -2.384185791015625e-07
      ],
      [
        -3.2001446631513275e-11,
        -5.960464477539062e-07,
        -5.662441253662109e-07,
        3.1977274994599014e-11
      ],
      [
        2.9802322387695312e-08,
        -3.725290298461914e-07,
        5.960464477539062e-07,
        -2.2351741790771484e-07
      ],
      [
        -2.9802322387695312e-08,
        6.556510925292969e-07,
        -3.129243850708008e-07,
        -2.086162567138672e-07
      ],
      [
        -1.0554277937724343e-11,
        -6.407499313354492e-07,
        -5.811452865600586e-07,
        1.0532906144500309e-11
      ]
    ],
    "relative_real_power_per_node_port": [
      [
        3.0493698233158284e-08,
        -9.102037097363791e-07,
        1.2466105090425117e-06,
        -5.936111051596527e-07
      ],
      [
        -3.0493698233158284e-08,
        1.2466105090425117e-06,
        -9.893518608805607e-07,
        -6.331852091534529e-07
      ],
      [
        -0.7436966300010681,
        -1.3253676343083498e-06,
        -1.2590933238243451e-06,
        0.27627524733543396
      ],
      [
        3.0493755076577145e-08,
        -9.893534524962888e-07,
        1.1332832627886091e-06,
        -5.936119578109356e-07
      ],
      [
        -3.0493755076577145e-08,
        1.2466117595977266e-06,
        -8.310569228342501e-07,
        -5.540379106605542e-07
      ],
      [
        -0.8385204076766968,
        -1.4247648323362228e-06,
        -1.2922276937388233e-06,
        0.19368642568588257
      ]
    ],
    "max_abs_relative_real_power": 0.8385204076766968,
    "mean_abs_relative_real_power": 0.08550813049077988,
    "interpretation": "If \u27e8V_inc\u00b2\u27e9 \u2248 \u27e8V_ref\u00b2\u27e9 (relative \u2248 0) at every port: pure reactive ringing, lossless \u0393=-1 wall confinement. If non-zero: net real power flux."
  },
  "A5_q_factor": {
    "energy_mean_steady": 10.831122398376465,
    "energy_std_steady": 0.006346486043184996,
    "energy_relative_drift": 0.000585949065088241,
    "decay_rate_per_t_natural": -1.2707200175790544e-06,
    "Q_factor_estimate": 393477.7079789678,
    "Q_factor_estimate_inf_threshold": "treats |decay_rate| < 1e-12 as Q\u2192\u221e"
  },
  "A6_bh_lissajous": {
    "phi_link_n0_drift_rate_per_t": 0.1935711470560118,
    "phi_link_n0_detrended_RMS": 0.06880331165882601,
    "omega_n0_RMS": 0.024590566754341125,
    "period_steps_used": 8,
    "BH_loop_area_oneperiod": 0.0029422727655179287,
    "interpretation": "Hysteresis loop area \u221d energy lost per cycle to saturation rectification. Thin/zero area = lossless reactive trap; non-zero area = real dissipation per cycle."
  },
  "A7_coupled_modes": {
    "coupling_matrix_M": [
      [
        1.0,
        0.5,
        0.0,
        0.0,
        0.0,
        0.5
      ],
      [
        0.5,
        1.0,
        0.5,
        0.0,
        0.0,
        0.0
      ],
      [
        0.0,
        0.5,
        1.0,
        0.5,
        0.0,
        0.0
      ],
      [
        0.0,
        0.0,
        0.5,
        1.0,
        0.5,
        0.0
      ],
      [
        0.0,
        0.0,
        0.0,
        0.5,
        1.0,
        0.5
      ],
      [
        0.5,
        0.0,
        0.0,
        0.0,
        0.5,
        1.0
      ]
    ],