{
  "context": "doc 74_ \u00a76.1 follow-up \u2014 Cos-block shift-invert comprehensive coverage",
  "sigma": 1.0,
  "tolerance": 0.0072973525205055605,
  "N": 32,
  "results": {
    "GT_corpus": {
      "seed_name": "GT_corpus",
      "R": 10.0,
      "r": 3.8196601125010514,
      "gt_family": true,
      "peak_omega_seed": 0.9262465141773654,
      "eigvals": [
        0.947951792222271,
        0.9503286389879222,
        0.9525028214721702,
        0.9527109719382121,
        0.9543875841402326,
        0.9546285411395021,
        0.9569458000030917,
        1.0403593809747917,
        1.0405399856822224,
        1.0431138917411065,
        1.0449541237520172,
        1.0471710840052577,
        1.049270581677461,
        1.0495811663121453,
        1.0509566082972925,
        1.0515945285410848,
        1.051789721216865,
        1.0519646640606357,
        1.052557837827456,
        1.054753071328113
      ],
      "elapsed_seconds": 794.2294700145721,
      "gmres_call_count": 153,
      "gmres_iter_total": 45900,
      "close_to_omega_C": "False",
      "rel_diff": 0.01998008851878663
    },
    "F17K_cos_endpoint": {
      "seed_name": "F17K_cos_endpoint",
      "R": 10.0,
      "r": 2.9411764705882355,
      "gt_family": true,
      "peak_omega_seed": 0.9154223306520873,
      "eigvals": [
        0.9482569455878926,
        0.9486999190451901,
        0.9488406609222523,
        0.9498445489576558,
        0.9510513864058936,
        0.952494603778965,
        0.952535134876332,
        0.9531916104390326,
        0.95406047481634,
        0.9548235154846982,
        0.9557596333755294,
        0.9557886371791107,
        0.9587751299175186,
        0.9591473487145044,
        0.9656746435393253,
        0.9792833965401987,
        1.038226828908381,
        1.043020975076247,
        1.0457927418127744,
        1.0484099900939394
      ],
      "elapsed_seconds": 791.6439261436462,
      "gmres_call_count": 152,
      "gmres_iter_total": 45600,
      "close_to_omega_C": "False",
      "rel_diff": 0.01041251193227044
    },
    "F17K_s11_endpoint": {
      "seed_name": "F17K_s11_endpoint",
      "R": 10.0,
      "r": 9.70873786407767,
      "gt_family": true,
      "peak_omega_seed": 0.9399283556168184,
      "eigvals": [
        0.9364425386010509,
        0.9383546636926624,
        0.9400578484651703,
        0.9401377022837567,
        0.9446513765753353,
        0.9452422240218049,
        0.9473743695380095,
        0.9474824740819788,
        0.9484453808334636,
        0.9493559503759591,
        0.9502029322068122,
        0.9503585124840644,
        0.9511748647826531,
        0.9537861981751402,
        0.9608185719990987,
        1.0434401639145081,
        1.0492585377491377,
        1.0508254733365257,
        1.0573336948476812,
        1.061596506653929
      ],
      "elapsed_seconds": 625.996120929718,
      "gmres_call_count": 119,
      "gmres_iter_total": 35700,
      "close_to_omega_C": "False",
      "rel_diff": 0.019786466121234025
    },
    "vacuum_control": {
      "seed_name": "vacuum_control",
      "R": 0.0,
      "r": 0.0,
      "gt_family": false,
      "peak_omega_seed": 0.08501975941117142,
      "eigvals": [
        0.9502889362062871,
        0.9514740613560544,
        0.9522979945281668,
        0.9526929580566833,
        0.9529334164571708,
        0.9530155556670665,
        0.9546362321679868,
        0.9613845499227252,
        1.0318507916973563,
        1.0330401520448076,
        1.040034644414747,
        1.0412202237992954,
        1.0414457860071393,
        1.0433459379426135,
        1.0438940998931665,
        1.0442805415936538,
        1.0455813123217377,
        1.0476024809817912,
        1.0490672558583105,
        1.0498460606658337
      ],
      "elapsed_seconds": 741.9862902164459,
      "gmres_call_count": 141,
      "gmres_iter_total": 42300,
      "close_to_omega_C": "False",
      "rel_diff": 0.015800566891629675
    }
  },
  "pass_seeds": []
}