{
  "pre_registration": "P_phase6_cos_block_n64_c_eigvec_recheck",
  "test": "Test A per audit on commit 88ec7c3 + A42 finding",
  "topology_criterion": "c_eigvec via extract_crossing_count (Op10 scalar, Doc 07_)",
  "topology_target_c": 3,
  "N": 64,
  "R_anchor": 10.0,
  "r_minor": 3.8196601125010514,
  "GT_corpus_peak_omega_seed": 0.9262465141773654,
  "elapsed_seconds": 8003.432307958603,
  "gmres_call_count": 189,
  "gmres_iter_total": 56700,
  "eigvals": [
    0.9472606210739796,
    0.9474326213061744,
    0.9496602347536053,
    0.9499983702339878,
    0.9547815667887812,
    1.0251744153051778,
    1.0261037790113638,
    1.0391856344147932,
    1.0420903536407031,
    1.0422841504379095,
    1.0444413761385527,
    1.047439398532555,
    1.0480398027526872,
    1.049115250517739,
    1.0491231876419118,
    1.049245079599899,
    1.052252523662768,
    1.0526664404480353,
    1.0532453528617232,
    1.0547450644032133
  ],
  "closest_eigenvalue": 1.0251744153051778,
  "closest_sqrt_lam": 1.0125089704813375,
  "closest_rel_diff": 0.012508970481337478,
  "frequency_pass": false,
  "c_eigvec": 0,
  "topology_pass": false,
  "mode": "III-both",
  "verdict": "MODE III-both (everything fails) \u2014 frequency rel_diff 1.2509% \u2265 \u03b1 AND c_eigvec=0 \u2260 3. Cosserat sector empty at corpus GT both at frequency and topology levels. Round 8 \u03a6_link sector becomes cleanest gap per original framing."
}