{
  "pre_registration": "P_phase6_cos_block_n64_dual_criterion",
  "frozen_at_commit": "1c89fa1",
  "shell_threshold_mode_I": 0.8,
  "shell_bulk_boundary": 0.1,
  "N": 64,
  "R_anchor": 10.0,
  "r_minor": 3.8196601125010514,
  "GT_corpus_peak_omega_seed": 0.9262465141773654,
  "elapsed_seconds": 7506.006109952927,
  "gmres_call_count": 177,
  "gmres_iter_total": 53100,
  "eigvals": [
    0.9464102342508467,
    0.950756751447997,
    0.9526365046696632,
    1.028072819917754,
    1.039821003001034,
    1.0402342703791052,
    1.042787241321145,
    1.0446858905331728,
    1.0459636782486412,
    1.0474025251505859,
    1.0481354150013296,
    1.0490771765534814,
    1.0502126092150736,
    1.0508451938739323,
    1.0515007544909474,
    1.0520129084513357,
    1.0527705336062723,
    1.0534387517313213,
    1.054656896045143,
    1.0552568931929716
  ],
  "closest_eigenvalue": 1.028072819917754,
  "closest_sqrt_lam": 1.0139392584951792,
  "closest_rel_diff": 0.013939258495179185,
  "frequency_pass": false,
  "topology": {
    "total_energy": 0.1265402513505212,
    "shell_energy": 0.0019150634550559073,
    "bulk_energy": 0.12462518789546528,
    "shell_fraction": 0.015134026008460427,
    "bulk_uniform_expectation": 0.005752339821930825
  },
  "mode": "III",
  "verdict": "MODE III \u2014 Cosserat sector also empty. No eigenvalue within \u03b1 tolerance of \u03c9_C\u00b2 (closest 1.3939% off). V-pressure AND \u03b5-strain/\u03ba-curvature both empty. Round 8 \u03a6_link sector becomes cleanest gap."
}