{
  "pre_registration": "P_ax5_cosserat_wave_speed_amplitude_dependence",
  "test": "Diag A \u2014 Cosserat wave-speed amplitude dependence (pre-fix detection)",
  "N": 32,
  "wavelength": 12.0,
  "sigma": 3.0,
  "n_steps": 200,
  "amplitudes": [
    0.01,
    0.1,
    0.5,
    1.0,
    2.0
  ],
  "elapsed_seconds": 18.57675814628601,
  "results_per_amplitude": [
    {
      "amplitude": 0.01,
      "wavelength": 12.0,
      "sigma": 3.0,
      "N": 32,
      "n_steps": 200,
      "G_c": 0.0,
      "gamma": 1.0,
      "cfl_dt": 0.09486832980505139,
      "c_R_theory_continuum_at_zero_amplitude": 1.0,
      "v_measured": 0.7917692106809994,
      "v_over_c_R_theory": 0.7917692106809994,
      "H_drift_max": 0.0009641617996467566,
      "times": [
        0.0,
        0.47434164902525694,
        0.948683298050514,
        1.4230249470757712,
        1.8973665961010284,
        2.371708245126285,
        2.846049894151541,
        3.320391543176797,
        3.7947331922020533,
        4.269074841227311,
        4.743416490252569,
        5.217758139277827,
        5.692099788303086,
        6.166441437328344,
        6.640783086353602,
        7.115124735378861,
        7.589466384404119,
        8.063808033429376,
        8.53814968245463,
        9.012491331479884,
        9.486832980505138,
        9.961174629530392,
        10.435516278555646,
        10.9098579275809,
        11.384199576606154,
        11.858541225631408,
        12.332882874656661,
        12.807224523681915,
        13.28156617270717,
        13.755907821732423,
        14.230249470757677,
        14.70459111978293,
        15.178932768808185,
        15.653274417833439,
        16.127616066858696,
        16.60195771588396,
        17.07629936490922,
        17.550641013934484,
        18.024982662959747,
        18.49932431198501,
        18.973665961010273
      ],
      "centroids": [
        8.000017592651679,
        8.218574511519746,
        8.671582832029571,
        9.559367790905116,
        10.414359609323487,
        10.61854856356267,
        10.590915909389707,
        10.71896988019868,
        11.102526124197887,
        11.677127464359064,
        12.225435516260506,
        12.588405619019486,
        12.861298506697363,
        13.205821119734848,
        13.654465037780303,
        14.116341434203111,
        14.497610447583615,
        14.805537137933388,
        15.122901061853542,
        15.518421142455821,
        16.006938632401372,
        16.568323125581383,
        17.174706578692025,
        17.79026672613706,
        18.36255842526192,
        18.8386516660613,
        19.198824868854896,
        19.48794183959289,
        19.827145748346304,
        20.336611601548118,
        20.9718004447242,
        21.544178895273383,
        21.914819708021327,
        22.044067773908264,
        21.948592068231516,
        21.71490491242624,
        21.519674902052458,
        21.479687068678402,
        21.507731607285045,
        21.453086148816457,
        21.244909285254888
      ],
      "T_history_first_last": [
        0.00023575200431512566,
        0.00044826065520512515
      ],
      "V_history_first_last": [
        0.0006808731702669999,
        0.0004679113312957904
      ],
      "H_history_first_last": [
        0.0009166251745821256,
        0.0009161719865009156
      ]
    },
    {
      "amplitude": 0.1,
      "wavelength": 12.0,
      "sigma": 3.0,
      "N": 32,
      "n_steps": 200,
      "G_c": 0.0,
      "gamma": 1.0,
      "cfl_dt": 0.09486832980505139,
      "c_R_theory_continuum_at_zero_amplitude": 1.0,
      "v_measured": 0.7917691105055541,
      "v_over_c_R_theory": 0.7917691105055541,
      "H_drift_max": 0.0009640123856493599,
      "times": [
        0.0,
        0.47434164902525694,
        0.948683298050514,
        1.4230249470757712,
        1.8973665961010284,
        2.371708245126285,
        2.846049894151541,
        3.320391543176797,
        3.7947331922020533,
        4.269074841227311,
        4.743416490252569,
        5.217758139277827,
        5.692099788303086,
        6.166441437328344,
        6.640783086353602,
        7.115124735378861,
        7.589466384404119,
        8.063808033429376,
        8.53814968245463,
        9.012491331479884,
        9.486832980505138,
        9.961174629530392,
        10.435516278555646,
        10.9098579275809,
        11.384199576606154,
        11.858541225631408,
        12.332882874656661,
        12.807224523681915,
        13.28156617270717,
        13.755907821732423,
        14.230249470757677,
        14.70459111978293,
        15.178932768808185,
        15.653274417833439,
        16.127616066858696,
        16.60195771588396,
        17.07629936490922,
        17.550641013934484,
        18.024982662959747,
        18.49932431198501,
        18.973665961010273
      ],
      "centroids": [
        8.00001759265168,
        8.218569081639892,
        8.671534198604196,
        9.559233642136274,
        10.414273860782082,
        10.618572446425095,
        10.590941195186833,
        10.718926978297867,
        11.102393417724297,
        11.676954236428154,
        12.225319961078325,
        12.588358784776268,
        12.861243287470217,
        13.205710565008596,
        13.654323163599052,
        14.116223878643854,
        14.497533948081484,
        14.805465553760067,
        15.122796060830451,
        15.518278006978154,
        16.00677766050497,
        16.56816209708892,
        17.174549063136144,
        17.79011274551772,
        18.36241369623708,
        18.838523917248313,
        19.198716845918895,
        19.48784345478845,
        19.827027460133717,
        20.33645130052365,
        20.971627293412546,
        21.544046202079286,
        21.91476345361483,
        22.044103926246688,
        21.94870289670713,
        21.71500036624363,
        21.519627592557903,
        21.479492829974625,
        21.507517009279546,
        21.452961123618035,
        21.244895392094413
      ],
      "T_history_first_last": [
        0.02357520043151257,
        0.04482151408858672
      ],
      "V_history_first_last": [
        0.06808395912093383,
        0.046792344208012204
      ],
      "H_history_first_last": [
        0.0916591595524464,
        0.09161385829659893
      ]
    },
    {
      "amplitude": 0.5,
      "wavelength": 12.0,
      "sigma": 3.0,
      "N": 32,
      "n_steps": 200,
      "G_c": 0.0,
      "gamma": 1.0,
      "cfl_dt": 0.09486832980505139,
      "c_R_theory_continuum_at_zero_amplitude": 1.0,
      "v_measured": 0.7917652029020177,
      "v_over_c_R_theory": 0.7917652029020177,
      "H_drift_max": 0.0009603831085525094,
      "times": [
        0.0,
        0.47434164902525694,
        0.948683298050514,
        1.4230249470757712,
        1.8973665961010284,
        2.371708245126285,
        2.846049894151541,
        3.320391543176797,
        3.7947331922020533,
        4.269074841227311,
        4.743416490252569,
        5.217758139277827,
        5.692099788303086,
        6.166441437328344,
        6.640783086353602,
        7.115124735378861,
        7.589466384404119,
        8.063808033429376,
        8.53814968245463,
        9.012491331479884,
        9.486832980505138,
        9.961174629530392,
        10.435516278555646,
        10.9098579275809,
        11.384199576606154,
        11.858541225631408,
        12.332882874656661,
        12.807224523681915,
        13.28156617270717,
        13.755907821732423,
        14.230249470757677,
        14.70459111978293,
        15.178932768808185,
        15.653274417833439,
        16.127616066858696,
        16.60195771588396,
        17.07629936490922,
        17.550641013934484,
        18.024982662959747,
        18.49932431198501,
        18.973665961010273
      ],