{
  "prereg": {
    "C-L1.1_v_cardinal_over_c_min": 1.35,
    "C-L1.1_v_cardinal_over_c_max": 1.5,
    "C-L1.1_target_value": 1.4142135623730951,
    "C-L1.2_diagonal_status": "INFRASTRUCTURE_PENDING",
    "C-L1.3_anisotropy_status": "DEFERRED_PENDING_C_L1_2"
  },
  "eval": {
    "v_cardinal_over_c": 1.45047544858779,
    "sqrt_2_target": 1.4142135623730951,
    "pass_C_L1_1": true,
    "C_L1_2_status": "INFRASTRUCTURE_PENDING",
    "C_L1_3_status": "DEFERRED",
    "all_pass_at_phase_1_scope": true
  },
  "result": {
    "N": 96,
    "n_steps": 240,
    "lambda_cells": 10.0,
    "amp_frac": 0.001,
    "src_x": 16,
    "x_a": 36,
    "x_b": 76,
    "t_a_s": 1.2736733418448293e-07,
    "t_b_s": 2.193548533177206e-07,
    "v_meas_mps": 434841600.0007862,
    "v_cardinal_over_c": 1.45047544858779,
    "times": [
      7.075963010249051e-09,
      1.4151926020498103e-08,
      2.1227889030747155e-08,
      2.8303852040996205e-08,
      3.5379815051245255e-08,
      4.245577806149431e-08,
      4.9531741071743356e-08,
      5.660770408199241e-08,
      6.368366709224146e-08,
      7.075963010249051e-08,
      7.783559311273956e-08,
      8.491155612298862e-08,
      9.198751913323767e-08,
      9.906348214348671e-08,
      1.0613944515373577e-07,
      1.1321540816398482e-07,
      1.2029137117423388e-07,
      1.2736733418448293e-07,
      1.3444329719473197e-07,
      1.4151926020498102e-07,
      1.4859522321523007e-07,
      1.5567118622547912e-07,
      1.627471492357282e-07,
      1.6982311224597724e-07,
      1.7689907525622628e-07,
      1.8397503826647533e-07,
      1.9105100127672438e-07,
      1.9812696428697343e-07,
      2.052029272972225e-07,
      2.1227889030747155e-07,
      2.193548533177206e-07,
      2.2643081632796964e-07,
      2.335067793382187e-07,
      2.4058274234846776e-07,
      2.476587053587168e-07,
      2.5473466836896586e-07,
      2.618106313792149e-07,
      2.6888659438946395e-07,
      2.75962557399713e-07,
      2.8303852040996204e-07,
      2.901144834202111e-07,
      2.9719044643046014e-07,
      3.042664094407092e-07,
      3.1134237245095823e-07,
      3.1841833546120733e-07,
      3.254942984714564e-07,
      3.3257026148170543e-07,
      3.396462244919545e-07,
      3.467221875022035e-07,
      3.5379815051245257e-07,
      3.608741135227016e-07,
      3.6795007653295066e-07,
      3.750260395431997e-07,
      3.8210200255344876e-07,
      3.891779655636978e-07,
      3.9625392857394685e-07,
      4.033298915841959e-07,
      4.10405854594445e-07,
      4.1748181760469405e-07,
      4.245577806149431e-07,
      4.3163374362519214e-07,
      4.387097066354412e-07,
      4.4578566964569023e-07,
      4.528616326559393e-07,
      4.5993759566618833e-07,
      4.670135586764374e-07,
      4.740895216866864e-07,
      4.811654846969355e-07,
      4.882414477071846e-07,
      4.953174107174336e-07,
      5.023933737276827e-07,
      5.094693367379317e-07,
      5.165452997481808e-07,
      5.236212627584298e-07,
      5.306972257686789e-07,
      5.377731887789279e-07,
      5.448491517891769e-07,
      5.51925114799426e-07,
      5.59001077809675e-07,
      5.660770408199241e-07
    ],
    "rho_hist_a": [
      0.0,
      0.0,
      0.0,
      0.0,
      0.0,
      0.0,
      2.1688103388433457e-13,
      3.075542117254605e-12,
      9.697872635854807e-11,
      1.2431353236778242e-10,
      1.0536358865575882e-08,
      7.215390670972181e-09,
      2.2408102424731773e-07,
      3.7134961684458125e-07,
      9.6348661917574e-07,
      2.860510280230828e-06,
      8.882788834009673e-07,
      4.573015858559248e-06,
      5.174852305842932e-07,
      1.715365326745443e-06,
      3.2016454697890105e-07,
      1.4480631184622575e-07,
      4.84924651927719e-08,
      5.813593601187017e-09,
      3.1745261888286717e-09,
      1.3369497027807566e-09,
      7.033683869279251e-10,
      4.1905502324347914e-10,
      2.944792401081696e-10,
      1.629632714527615e-10,
      6.842617808940725e-11,
      3.5034504464843486e-11,
      2.1164491546639202e-11,
      9.976757652251592e-12,
      4.420653261712212e-12,
      2.472723067333345e-12,
      2.006186957341515e-12,
      2.445022059494397e-12,
      2.8856533092401824e-12,
      3.282722442235851e-12,
      3.6286659924734923e-12,
      3.3285136736530067e-12,
      3.374735723186746e-12,
      3.87907455497899e-12,
      2.8517678261904624e-12,
      1.391672953767069e-12,
      1.4641271457842093e-12,
      1.5822919055682842e-12,
      1.749625090022276e-12,
      6.062018320854058e-12,
      5.339678527756973e-12,
      2.6277919228726554e-11,
      4.3764914093098233e-11,
      4.72219338133662e-11,
      1.0603499273977304e-10,
      4.3923844149563274e-11,
      1.0476462381603585e-10,
      5.0642545242183654e-11,
      3.6195804786900635e-11,
      4.700195415185136e-11,
      1.328064132765201e-11,
      3.583770919753581e-11,
      3.21313236322076e-11,
      8.259447214665683e-12,
      2.401778016837291e-11,
      2.3869992384570968e-11,
      6.685727123364988e-12,
      8.940877452228435e-12,
      9.434740453637724e-12,
      4.725109240702598e-12,
      1.960901090407358e-12,
      2.44586907384358e-12,
      2.2360734857656694e-12,
      8.402700388824291e-13,
      8.12235394360066e-13,
      7.628078289900923e-13,
      6.811696175763056e-13,
      7.005086094220361e-13,
      5.849811393638373e-13,
      3.9982214793639105e-13
    ],
    "rho_hist_b": [
      0.0,
      0.0,
      0.0,
      0.0,
      0.0,
      0.0,
      0.0,
      0.0,
      0.0,
      0.0,
      0.0,
      0.0,
      0.0,
      0.0,
      0.0,
      0.0,
      0.0,
      0.0,
      0.0,
      4.95858419701195e-14,
      1.994078954333503e-13,
      2.2952973764519748e-11,
      2.18420541216018e-11,
      2.328645245294375e-09,
      4.895494311320425e-09,
      5.0162027034990006e-08,
      1.7823161511397682e-07,
      2.5467391076607384e-07,
      1.2849217882578936e-06,
      4.6436582563776786e-07,
      2.2894566873916273e-06,
      5.753250789341059e-07,
      1.1540550400408529e-06,
      3.3775472181806213e-07,
      1.893056524116661e-07,
      7.079355918744917e-08,
      1.895146915895e-08,
      5.28576666563931e-09,
      2.728004838410424e-09,
      7.784768862650539e-10,
      3.530053777653253e-10,
      4.3560113075470604e-10,
      2.434496614121144e-10,
      2.2386171363029903e-10,
      2.639674444384028e-10,
      1.245371719764597e-10,
      9.344764718124342e-11,
      8.197797014745417e-11,
      6.89972671697839e-11,
      5.2536329415853286e-11,
      5.143541031290011e-11,
      5.789270353560744e-11,
      3.012727372728785e-11,
      3.485164006074494e-11,
      5.261209383763772e-11,
      3.1645295288525167e-11,
      1.2716298264995e-11,
      1.495274162230989e-11,
      1.328550176844303e-11,
      7.239501282207236e-12,
      3.6360743596016476e-12,
      2.5886639455270057e-12,
      3.500405699628962e-12,
      3.083969104458701e-12,
      1.9934962932876477e-12,
      1.778399780087795e-12,
      1.7788501970675857e-12,
      1.4954159272390024e-12,
      1.0079525031499803e-12,
      6.935015537462403e-13,
      5.807882346004139e-13,
      4.2527504597966327e-13,
      2.598781875636356e-13,
      1.7514303344222222e-13,
      1.2454851376817288e-13,
      8.295245536991832e-14,
      5.932994658300782e-14,
      4.8210064710938094e-14,
      5.108210934719811e-14,
      5.342938301483029e-14
    ]
  }
}