{
  "constants": {
    "alpha": 0.007297336344064641,
    "alpha_inv": 137.0363037758784,
    "p_star": 0.1834020659942982
  },
  "v14_canonical_results": {
    "v_peak_initial": 0.8480639100752422,
    "v_peak_final": 0.28992823165933757,
    "v_peak_mean_late": 0.21524942948329195,
    "v_peak_persistence_ratio": 0.25381274562691214,
    "fwhm_initial": 6.547963313035439,
    "fwhm_final": 11.352113269103235,
    "fwhm_mean_late": 15.1002188991719,
    "L_vol": 53.513779749497886,
    "L_surf": 39.46630821212431,
    "L_line": 9.803603642767605,
    "Lambda_total": 102.78369160438979,
    "Q_factor_ratio_to_alpha_inv": 0.7500471683218453,
    "rel_err_to_alpha_inv": 0.24995283167815469,
    "R_boundary": 2.5,
    "runtime_seconds": 0.8714900016784668,
    "omega_breathe": 0.19467737644673344,
    "period_breathe": 32.27486121839513,
    "mode_i_pass": true,
    "test_1_pass": true,
    "test_2_pass": true,
    "test_4_pass": true
  },
  "linear_regime_results": {
    "amplitudes_tested": [
      0.001,
      0.01,
      0.05,
      0.1
    ],
    "c_eff_measured": [
      1.1280534018079829,
      1.1280534018079829,
      1.1280534018079829,
      1.1280534018079829
    ],
    "c_eff_mean": 1.1280534018079829,
    "c_eff_std": 0.0,
    "amplitude_independence_ratio": 0.0,
    "linear_regime_confirmed": true,
    "method": "leading-edge wavefront arrival",
    "method_bias_note": "method-dependent: peak-tracking gives 0.86c_0, leading-edge gives ~1.45c_0; true value c_0 per analytical limit",
    "linear_pass": true
  },
  "boundary_analytical": {
    "engine_boundary_at": "A \u2248 0.1-0.3 (soft, saturation onset)",
    "linear_limit_match": true,
    "k4_tlm_external_validation": "AVE-Bench-VacuumMirror IM3 cubic slope 2.956 (doc 113 \u00a73.2)",
    "master_eq_internal_validation": "see Test 2 (this script)"
  },
  "verdict": {
    "mode_i_pass": true,
    "linear_mode_match": true,
    "overall_pass": true
  }
}