{
  "operating_point": {
    "k_theta_over_k_a": 0.14285714285478332,
    "K_relaxed": 0.44444444444444486,
    "G_relaxed": 0.22222222222222243,
    "K_over_G": 2.0,
    "poisson": 0.2857142857142857
  },
  "targets": {
    "u_0_star_A029": 0.187,
    "p_star_8pi_alpha": 0.18340247377853275,
    "r_sec_d_minus_1": 0.187,
    "sqrt_1_over_42": 0.1543033499620919,
    "sqrt_1_over_60": 0.12909944487358055,
    "sqrt_1_over_28": 0.1889822365046136
  },
  "eigenvalues": [
    0.19047619047304434,
    0.19047619047304454,
    0.4864339057587161,
    0.48643390575871664,
    0.48643390575871726,
    1.3333333333333337,
    3.132613713280513,
    3.132613713280514,
    3.1326137132805143
  ],
  "eigenvectors": [
    [
      0.12226845160685967,
      -0.8072899679844457,
      -2.0638070345093705e-17,
      4.295876078824201e-17,
      8.420924761972897e-17,
      0.5773502691896258,
      -1.871458784730101e-18,
      -4.227059780538018e-17,
      2.3199962487448217e-18
    ],
    [
      0.6379993946914263,
      0.5095325691651515,
      2.4373745875426765e-16,
      1.8969738509621653e-16,
      -5.01861383580145e-17,
      0.5773502691896255,
      4.0609238167369673e-17,
      -1.4376460088882932e-19,
      2.1186834702532868e-17
    ],
    [
      -0.760267846298286,
      0.29775739881929414,
      -2.8501359944445473e-16,
      -1.0377986351973264e-16,
      2.1860463359747234e-16,
      0.5773502691896256,
      -4.435215573682861e-17,
      -8.439743100984416e-17,
      -1.6546842205044742e-17
    ],
    [
      7.201466123965788e-18,
      -1.1748978655885799e-17,
      -0.18015509654096998,
      0.23221722237376655,
      -0.6145148617285034,
      9.693522803293498e-17,
      -0.26098657968712197,
      0.4629281633966614,
      0.5035616231361723
    ],
    [
      3.2586544126358117e-16,
      3.950455427151471e-17,
      -0.6271963226944801,
      0.12872497449448278,
      0.23251637835170122,
      -9.693522803293496e-17,
      -0.6154603475976468,
      -0.3941093570760152,
      0.043326236142069846
    ],
    [
      -1.7373491981773928e-16,
      -3.68232786714648e-17,
      0.1953922374371882,
      0.6273071456920307,
      0.17976882648246337,
      -9.693522803293495e-17,
      0.29847169597187323,
      -0.40788002860822736,
      0.5296596232528493
    ],
    [
      -7.449073485302716e-17,
      -2.3470273128432296e-17,
      0.6740915209669703,
      -0.13834968526384187,
      -0.24990152757827888,
      4.197418499881037e-17,
      -0.5726440027368702,
      -0.36669195770773433,
      0.04031211658843968
    ],
    [
      3.6959847499703547e-16,
      4.591866591063999e-17,
      -0.21000163067495123,
      -0.6742106301522028,
      -0.19321006402813462,
      4.197418499881037e-17,
      0.2777076173179105,
      -0.37950463117623834,
      0.4928122630995209
    ],
    [
      1.897958362176932e-17,
      9.592485320617838e-18,
      0.1936252153321538,
      -0.2495800038370269,
      0.660461872639452,
      -4.197418499881042e-17,
      -0.24283026556625872,
      0.430723177377456,
      0.46852984862948044
    ]
  ],
  "projections": [
    {
      "K_amp": 6.409875621278547e-17,
      "G_amp": 1.0,
      "int_amp": 3.775077838846955e-16,
      "K_frac": 6.409875621278547e-17,
      "G_frac": 1.0,
      "int_frac": 3.775077838846955e-16,
      "trace": -6.409875621278547e-17,
      "dev": [
        -0.36467684712283044,
        0.9311341456377549,
        1.0184411061482822e-17,
        4.608433265436497e-16,
        -2.456982798640491e-16
      ],
      "u_int": [
        -7.449073485302716e-17,
        3.6959847499703547e-16,
        1.897958362176932e-17
      ]
    },
    {
      "K_amp": 3.2049378106392736e-17,
      "G_amp": 0.9999999999999998,
      "int_amp": 5.245372602935325e-17,
      "K_frac": 3.204937810639274e-17,
      "G_frac": 1.0,
      "int_frac": 5.2453726029353264e-17,
      "trace": -3.2049378106392736e-17,
      "dev": [
        -0.9311341456377547,
        -0.36467684712283055,
        -1.6615564959185714e-17,
        5.58678764262801e-17,
        -5.207598010822945e-17
      ],
      "u_int": [
        -2.3470273128432296e-17,
        4.591866591063999e-17,
        9.592485320617838e-18
      ]
    },
    {
      "K_amp": 3.5746186407882657e-17,
      "G_amp": 0.9633371294223796,
      "int_amp": 0.7321139170498844,
      "K_frac": 2.9543218804986146e-17,
      "G_frac": 0.796171073264942,
      "int_frac": 0.6050715842742497,
      "trace": -3.5746186407882657e-17,
      "dev": [
        -1.869417294059398e-16,
        3.237925733858804e-16,
        -0.25477778085887404,
        -0.8869895458250661,
        0.2763263521660956
      ],
      "u_int": [
        0.6740915209669703,
        -0.21000163067495123,
        0.1936252153321538
      ]
    },
    {
      "K_amp": 7.440675631543272e-17,
      "G_amp": 0.9633371294223797,
      "int_amp": 0.7321139170498844,
      "K_frac": 6.149509369512405e-17,
      "G_frac": 0.7961710732649421,
      "int_frac": 0.6050715842742497,
      "trace": 7.440675631543272e-17,
      "dev": [
        -1.0375987631015394e-16,
        1.7971737755624908e-16,
        0.3284047452975896,
        0.1820446047462283,
        0.887146273211225
      ],
      "u_int": [
        -0.13834968526384187,
        -0.6742106301522028,
        -0.2495800038370269
      ]
    },
    {
      "K_amp": 1.4585469534451906e-16,
      "G_amp": 0.9633371294223796,
      "int_amp": 0.7321139170498844,
      "K_frac": 1.205448080287386e-16,
      "G_frac": 0.796171073264942,
      "int_frac": 0.6050715842742497,
      "trace": 1.4585469534451906e-16,
      "dev": [
        9.503188878504584e-17,
        -1.6460005971493433e-16,
        -0.8690552517362768,
        0.3288278157388498,
        0.2542315125033953
      ],
      "u_int": [
        -0.24990152757827888,
        -0.19321006402813462,
        0.660461872639452
      ]
    },
    {
      "K_amp": 1.0,
      "G_amp": 3.4650066969226367e-16,
      "int_amp": 7.270142102423499e-17,
      "K_frac": 1.0,
      "G_frac": 3.4650066969226367e-16,
      "int_frac": 7.270142102423499e-17,
      "trace": 1.0,
      "dev": [
        2.3551386880256624e-16,
        9.06493303673679e-17,
        1.370871141559053e-16,
        -1.3708711415590527e-16,
        -1.3708711415590525e-16
      ],
      "u_int": [
        4.197418499881037e-17,
        4.197418499881037e-17,
        -4.197418499881042e-17
      ]
    },
    {
      "K_amp": 3.2414616994229117e-18,
      "G_amp": 1.0353654306940376,
      "int_amp": 0.6811822167833474,
      "K_frac": 2.6154510056929184e-18,
      "G_frac": 0.8354093949191217,
      "int_frac": 0.5496281860320367,
      "trace": -3.2414616994229117e-18,
      "dev": [
        -3.003838888436045e-17,
        5.202801572522348e-17,
        -0.3690907605908944,
        -0.8703923706754515,
        0.42210272042792224
      ],
      "u_int": [
        -0.5726440027368702,
        0.2777076173179105,
        -0.24283026556625872
      ]
    },
    {
      "K_amp": 7.321482306521216e-17,
      "G_amp": 1.0353654306940372,
      "int_amp": 0.6811822167833472,
      "K_frac": 5.907513349660429e-17,
      "G_frac": 0.8354093949191216,
      "int_frac": 0.5496281860320367,
      "trace": -7.321482306521216e-17,
      "dev": [
        -2.978816942881045e-17,
        5.1594622915147336e-17,
        0.6546792870800268,
        -0.5573547978350416,
        -0.5768294682788812
      ],
      "u_int": [
        -0.36669195770773433,
        -0.37950463117623834,
        0.430723177377456
      ]
    },
    {
      "K_amp": 4.018351376194358e-18,
      "G_amp": 1.0353654306940376,
      "int_amp": 0.6811822167833473,
      "K_frac": 3.2423030480249553e-18,
      "G_frac": 0.8354093949191217,
      "int_frac": 0.5496281860320366,
      "trace": 4.018351376194358e-18,